country,year,ILO
ABW,2010,6.738
AFG,2021,1463.372
AFG,2020,1090.912
AFG,2017,1122.933
AFG,2014,1389.95
AGO,2022,813.873
AGO,2021,625.641
AGO,2019,688.092
AGO,2014,330.004
AGO,2011,540.716
AGO,2009,432.43
AGO,2004,406.676
ALB,2023,279.175
ALB,2022,283.606
ALB,2021,273.293
ALB,2020,254.541
ALB,2019,254.839
ALB,2018,242.666
ALB,2017,230.968
ALB,2016,222.997
ALB,2015,201.484
ALB,2014,180.857
ALB,2013,172.182
ALB,2012,195.749
ALB,2010,240.369
ALB,2009,231.413
ALB,2008,199.625
ALB,2007,220.571
ARE,2023,2615.63
ARE,2022,2141.986
ARE,2021,2121.98
ARE,2020,1898.134
ARE,2019,2127.975
ARE,2018,2497.813
ARE,2017,1147.184
ARG,2023,2964.836
ARG,2022,2811.608
ARG,2021,2613.042
ARG,2020,2408.471
ARG,2019,2599.87
ARG,2018,2541.517
ARG,2017,2554.962
ARG,2014,2639.317
ARG,2013,2587.648
ARG,2012,2534.517
ARG,2011,2555.295
ARG,2010,2444.524
ARG,2009,2400.055
ARG,2008,2455.267
ARG,2006,2345.308
ARG,2005,2211.34
ARG,2004,2095.11
ARM,2017,169.045
ARM,2016,158.816
ARM,2015,170.663
ARM,2014,189.624
ARM,2008,224.83
AUS,2024,2785.407
AUS,2023,2775.905
AUS,2022,2625.233
AUS,2021,2550.495
AUS,2020,2501.435
AUS,2019,2535.654
AUS,2018,2572.834
AUS,2017,2456.136
AUS,2016,2395.378
AUS,2015,2365.772
AUS,2014,2422.363
AUS,2013,2410.082
AUS,2012,2430.991
AUS,2011,2406.898
AUS,2010,2388.86
AUS,2009,2352.948
AUS,2008,2395.747
AUS,2007,2279.953
AUS,2006,2219.156
AUS,2005,2147.597
AUS,2004,2091.796
AUS,2003,1909.688
AUS,2002,2022.966
AUS,2001,1823.674
AUT,2023,1153.076
AUT,2022,1171.252
AUT,2021,1103.483
AUT,2020,1072.991
AUT,2019,1104.243
AUT,2018,1098.562
AUT,2017,1061.792
AUT,2016,1078.803
AUT,2015,1068.772
AUT,2014,1059.069
AUT,2013,1063.46
AUT,2012,1065.265
AUT,2011,1054.699
AUT,2010,992.968
AUT,2009,985.104
AUT,2008,1038.952
AUT,2007,1072.117
AUT,2006,1077.487
AUT,2005,1033.375
AUT,2004,1019.16
AUT,2003,1083.127
AUT,2002,1058.517
AUT,2001,1085.493
AUT,2000,1105.973
BDI,2020,152.734
BEL,2023,1013.152
BEL,2022,1021.05
BEL,2021,958.926
BEL,2020,993.812
BEL,2019,1020.67
BEL,2018,994.893
BEL,2017,981.994
BEL,2016,975.274
BEL,2015,975.599
BEL,2014,972.004
BEL,2013,983.236
BEL,2012,984.229
BEL,2011,1047.671
BEL,2010,1049.239
BEL,2009,1037.7
BEL,2008,1096.913
BEL,2007,1069.773
BEL,2006,1052.728
BEL,2005,1045.531
BEL,2004,1033.442
BEL,2003,1010.369
BEL,2002,1044.911
BEL,2001,1029.372
BEL,2000,1063.523
BEN,2022,996.639
BEN,2013,453.45
BFA,2023,1196.397
BFA,2022,1038.887
BFA,2018,1087.272
BGD,2023,12251.361
BGD,2022,11968.165
BGD,2017,12419.673
BGD,2016,12179.518
BGD,2013,12072.519
BGD,2010,9532.411
BGD,2006,6876.009
BGR,2023,867.564
BGR,2022,889.007
BGR,2021,863.014
BGR,2020,907.298
BGR,2019,897.6
BGR,2018,955.13
BGR,2017,923.582
BGR,2016,910.217
BGR,2015,918.557
BGR,2014,883.607
BGR,2013,895.965
BGR,2012,923.084
BGR,2011,934.35
BGR,2010,1027.199
BGR,2009,1158.385
BGR,2008,1218.883
BGR,2007,1154.685
BGR,2006,1072.091
BGR,2005,1020.362
BGR,2004,975.741
BGR,2003,923.341
BGR,2002,913.722
BGR,2001,901.775
BGR,2000,937.987
BHR,2001,81.69
BHS,2019,30.463
BIH,2023,410.533
BIH,2022,401.511
BIH,2021,385.991
BIH,2020,391.316
BIH,2019,254.6
BIH,2018,264.287
BIH,2017,240.666
BIH,2016,250.548
BIH,2015,242.176
BIH,2014,243.636
BIH,2013,244.983
BIH,2012,247.035
BIH,2011,235.7
BIH,2010,258.803
BIH,2009,270.456
BIH,2008,289.061
BIH,2007,276.789
BIH,2006,249.395
BIH,2001,362.042
BLR,2023,1486.3
BLR,2022,1498.745
BLR,2021,1476.048
BLR,2020,1493.321
BLR,2019,1491.64
BLR,2018,1499.263
BLR,2017,1507.69
BLR,2016,1531.537
BLR,2009,1554.196
BLZ,2019,25.96
BLZ,2018,27.077
BLZ,2017,23.224
BLZ,2016,22.619
BLZ,2015,21.172
BLZ,2014,22.57
BMU,2010,4.752
BMU,2009,4.646
BOL,2023,1321.918
BOL,2022,1312.706
BOL,2021,1254.806
BOL,2020,980.581
BOL,2019,1164.818
BOL,2018,1050.74
BOL,2017,1014.42
BOL,2016,1012.94
BOL,2015,1025.385
BOL,2014,1047.335
BOL,2013,826.676
BOL,2012,837.041
BOL,2011,848.863
BOL,2009,977.747
BOL,2008,919.278
BOL,2007,887.848
BOL,2006,766.798
BOL,2005,803.009
BOL,2002,667.316
BOL,2001,586.818
BOL,2000,663.943
BRA,2024,20651.916
BRA,2023,19946.224
BRA,2022,19976.585
BRA,2021,18814.079
BRA,2020,17525.702
BRA,2019,19126.112
BRA,2018,18822.398
BRA,2017,18869.151
BRA,2016,19176.377
BRA,2015,20761.874
BRA,2014,21398.583
BRA,2013,21170.985
BRA,2012,20844.708
BRA,2011,19845.993
BRA,2009,19926.331
BRA,2008,20272.955
BRA,2007,19086.291
BRA,2006,18286.931
BRA,2005,17894.007
BRA,2004,17154.272
BRA,2003,16167.356
BRA,2002,16337.073
BRA,2001,15400.971
BRB,2023,20.102
BRB,2022,20.207
BRB,2019,21.139
BRB,2018,23.368
BRN,2023,44.319
BRN,2022,45.2
BRN,2021,50.051
BRN,2020,51.435
BRN,2019,46.034
BRN,2018,39.146
BRN,2017,30.139
BRN,2014,33.934
BTN,2023,55.258
BTN,2022,43.394
BTN,2021,49.622
BTN,2020,46.741
BTN,2019,48.049
BTN,2018,39.227
BTN,2015,33.263
BTN,2014,36.749
BTN,2013,36.804
BTN,2012,12.046
BTN,2011,29.8
BWA,2023,136.936
BWA,2022,123.776
BWA,2021,128.451
BWA,2020,127.849
BWA,2019,133.968
BWA,2010,101.528
BWA,2006,81.695
CAN,2014,3586.0
CAN,2013,3586.3
CAN,2012,3566.4
CAN,2011,3500.2
CAN,2010,3421.2
CAN,2009,3393.9
CHE,2024,966.214
CHE,2023,963.056
CHE,2022,952.269
CHE,2021,948.165
CHE,2020,958.747
CHE,2019,959.813
CHE,2018,954.146
CHE,2017,949.111
CHE,2016,946.471
CHE,2015,939.19
CHE,2014,943.033
CHE,2013,951.106
CHE,2012,938.375
CHE,2011,941.954
CHE,2010,928.409
CHE,2009,944.453
CHE,2008,848.742
CHE,2007,840.502
CHE,2006,829.641
CHE,2005,805.465
CHE,2004,803.294
CHE,2003,802.674
CHE,2002,826.945
CHE,2001,875.215
CHE,2000,848.001
CHL,2024,2012.751
CHL,2023,2002.615
CHL,2022,2019.744
CHL,2021,1906.386
CHL,2020,1722.523
CHL,2019,1989.416
CHL,2018,1961.253
CHL,2017,1946.804
CHL,2016,1930.099
CHL,2015,1976.708
CHL,2014,1932.018
CHL,2013,1940.199
CHL,2012,1877.212
CHL,2011,1790.091
CHL,2010,1680.508
CHL,2009,1449.536
CHL,2006,1647.158
CHL,2003,1433.734
CHL,2000,1347.39
CHN,2000,115079.8
CIV,2022,1572.329
CIV,2019,928.781
CIV,2017,964.184
CIV,2016,663.141
CMR,2021,1332.681
CMR,2014,1185.813
CMR,2007,897.965
CMR,2005,374.12
COD,2012,2298.36
COD,2005,1562.781
COG,2009,123.864
COK,2019,0.915
COK,2016,0.761
COL,2024,4612.154
COL,2023,4555.57
COL,2022,4478.025
COL,2021,4178.606
COL,2020,3793.592
COL,2019,4269.93
COL,2018,4180.847
COL,2017,4063.416
COL,2016,3987.052
COL,2015,4059.22
COL,2014,4019.903
COL,2013,3883.03
COL,2012,4044.276
COL,2011,3929.431
COL,2010,3681.692
COL,2009,3620.608
COL,2008,3457.969
COL,2007,3682.951
COL,2005,3379.064
COL,2004,3306.788
COL,2003,3165.833
COL,2002,3095.634
COM,2021,34.108
COM,2014,33.02
COM,2004,17.531
CPV,2019,44.89
CPV,2018,42.531
CPV,2017,44.63
CPV,2015,22.599
CPV,2009,29.565
CRI,2024,417.986
CRI,2023,435.175
CRI,2022,422.606
CRI,2021,370.52
CRI,2020,364.424
CRI,2019,407.315
CRI,2018,413.845
CRI,2017,375.952
CRI,2016,370.539
CRI,2015,393.406
CRI,2014,364.107
CRI,2013,333.276
CRI,2012,360.352
CRI,2011,350.476
CRI,2010,371.046
CRI,2009,407.268
CRI,2008,437.999
CRI,2007,425.169
CRI,2006,394.068
CRI,2005,379.409
CRI,2004,361.752
CRI,2003,361.739
CRI,2002,352.912
CRI,2001,358.588
CUB,2010,846.38
CUB,2009,887.207
CYM,2015,5.063
CYM,2014,4.608
CYM,2013,5.592
CYM,2012,5.57
CYM,2011,4.994
CYP,2023,77.411
CYP,2022,77.299
CYP,2021,77.344
CYP,2020,81.431
CYP,2019,76.777
CYP,2018,66.79
CYP,2017,64.715
CYP,2016,61.903
CYP,2015,58.119
CYP,2014,59.916
CYP,2013,64.117
CYP,2012,77.703
CYP,2011,83.218
CYP,2010,80.636
CYP,2009,83.56
CYP,2008,88.231
CYP,2007,85.112
CYP,2006,80.907
CYP,2005,83.692
CYP,2004,81.09
CYP,2003,74.823
CYP,2002,73.097
CYP,2001,73.336
CYP,2000,69.821
CZE,2023,1847.263
CZE,2022,1907.221
CZE,2021,1921.392
CZE,2020,1949.832
CZE,2019,1975.4
CZE,2018,1984.95
CZE,2017,1986.872
CZE,2016,1956.085
CZE,2015,1917.026
CZE,2014,1892.148
CZE,2013,1851.906
CZE,2012,1864.25
CZE,2011,1873.29
CZE,2010,1855.67
CZE,2009,1903.079
CZE,2008,2027.207
CZE,2007,1812.069
DEU,2023,11367.12
DEU,2022,11318.74
DEU,2021,11321.097
DEU,2020,11267.732
DEU,2019,11509.243
DEU,2018,11460.202
DEU,2017,11419.6
DEU,2016,11290.895
DEU,2015,11116.882
DEU,2014,11207.089
DEU,2013,10946.924
DEU,2012,11031.827
DEU,2011,10712.552
DEU,2010,10857.911
DEU,2009,11104.696
DEU,2008,11348.122
DEU,2007,11526.365
DEU,2006,11108.528
DEU,2005,10846.45
DEU,2004,11083.029
DEU,2003,11272.78
DEU,2002,11740.755
DEU,2001,11973.955
DEU,2000,12179.631
DJI,2017,4.286
DNK,2023,579.381
DNK,2022,569.087
DNK,2021,560.326
DNK,2020,537.113
DNK,2019,531.868
DNK,2018,534.494
DNK,2017,523.09
DNK,2016,520.981
DNK,2015,524.61
DNK,2014,514.783
DNK,2013,516.726
DNK,2012,522.243
DNK,2011,532.45
DNK,2010,528.425
DNK,2009,559.003
DNK,2008,652.592
DNK,2007,658.365
DNK,2006,653.745
DNK,2005,656.547
DNK,2004,648.269
DNK,2003,624.715
DNK,2002,642.069
DNK,2001,688.481
DNK,2000,685.961
DOM,2023,927.305
DOM,2022,911.911
DOM,2021,922.786
DOM,2020,855.203
DOM,2019,877.897
DOM,2018,889.173
DOM,2017,851.172
DOM,2016,810.249
DOM,2015,755.53
DOM,2014,714.236
DOM,2013,661.396
DOM,2012,713.068
DOM,2011,683.13
DOM,2010,670.026
DOM,2009,634.082
DOM,2008,762.454
DOM,2007,777.473
DOM,2006,753.557
DOM,2005,731.03
DOM,2004,735.883
DOM,2003,687.389
DOM,2002,671.734
DOM,2001,711.212
DOM,2000,751.792
DZA,2014,5278.0
ECU,2024,1371.873
ECU,2023,1416.487
ECU,2022,1413.861
ECU,2021,1337.783
ECU,2020,1121.718
ECU,2019,1351.853
ECU,2018,1441.017
ECU,2017,1440.849
ECU,2016,1393.534
ECU,2015,1405.855
ECU,2014,1353.813
ECU,2013,1277.396
ECU,2012,1139.896
ECU,2011,1124.351
ECU,2010,1135.844
ECU,2009,1152.23
ECU,2008,1149.074
ECU,2007,1121.476
ECU,2006,1126.507
ECU,2005,1024.784
ECU,2004,1008.55
ECU,2003,985.052
ECU,2001,1134.949
EGY,2023,8435.996
EGY,2022,7990.935
EGY,2021,7691.31
EGY,2020,7445.818
EGY,2019,7452.74
EGY,2018,6980.642
EGY,2017,6904.967
EGY,2016,6459.913
EGY,2015,6215.31
EGY,2013,5780.488
EGY,2012,5857.538
EGY,2011,5490.381
EGY,2010,6039.123
EGY,2009,5452.193
ESP,2024,4350.676
ESP,2023,4242.109
ESP,2022,4204.166
ESP,2021,4099.934
ESP,2020,3995.601
ESP,2019,4047.532
ESP,2018,3917.828
ESP,2017,3772.008
ESP,2016,3611.763
ESP,2015,3627.868
ESP,2014,3328.472
ESP,2013,3448.028
ESP,2012,3638.241
ESP,2011,3947.682
ESP,2010,4342.359
ESP,2009,4678.672
ESP,2008,5654.034
ESP,2007,5991.052
ESP,2006,5829.082
ESP,2005,5679.57
ESP,2004,5442.931
ESP,2003,5351.4
ESP,2002,5204.268
ESP,2001,5057.614
ESP,2000,4759.92
EST,2023,191.606
EST,2022,194.794
EST,2021,189.86
EST,2020,192.2
EST,2019,194.532
EST,2018,197.992
EST,2017,195.455
EST,2016,192.465
EST,2015,197.481
EST,2014,188.135
EST,2013,187.905
EST,2012,191.107
EST,2011,195.504
EST,2010,171.947
EST,2009,186.433
EST,2008,230.94
EST,2007,230.8
EST,2006,218.447
EST,2005,209.596
EST,2004,205.116
EST,2003,183.034
EST,2002,175.356
EST,2001,196.519
EST,2000,205.062
ETH,2021,2336.503
ETH,2013,2984.858
ETH,2005,1968.085
FIN,2023,561.272
FIN,2022,548.307
FIN,2021,560.75
FIN,2020,532.928
FIN,2019,554.946
FIN,2018,556.468
FIN,2017,539.126
FIN,2016,544.065
FIN,2015,513.38
FIN,2014,559.308
FIN,2013,546.332
FIN,2012,559.77
FIN,2011,571.45
FIN,2010,586.458
FIN,2009,573.047
FIN,2008,634.165
FIN,2007,650.455
FIN,2006,631.22
FIN,2005,626.256
FIN,2004,619.301
FIN,2003,638.288
FIN,2002,651.781
FIN,2001,648.749
FIN,2000,660.136
FJI,2016,46.357
FJI,2014,45.186
FJI,2011,50.769
FJI,2005,65.561
FRA,2023,5453.964
FRA,2022,5389.376
FRA,2021,5294.147
FRA,2020,5315.216
FRA,2019,5451.185
FRA,2018,5388.905
FRA,2017,5404.327
FRA,2016,5325.104
FRA,2015,5317.426
FRA,2014,5360.736
FRA,2013,5449.387
FRA,2012,5588.412
FRA,2011,5682.501
FRA,2010,5695.422
FRA,2009,5787.393
FRA,2008,5991.387
FRA,2007,5869.035
FRA,2006,5900.541
FRA,2005,5817.131
FRA,2004,5941.432
FRA,2003,5894.095
FRA,2002,6065.175
FRA,2001,6162.874
FRA,2000,6072.914
FSM,2014,2.202
GBR,2024,5373.493
GBR,2023,5244.264
GBR,2022,5448.432
GBR,2021,5435.943
GBR,2020,5595.044
GBR,2019,5705.804
GBR,2018,5831.836
GBR,2017,5803.955
GBR,2016,5748.205
GBR,2015,5785.853
GBR,2014,4342.087
GBR,2013,5522.934
GBR,2012,5597.423
GBR,2011,5584.179
GBR,2010,5566.389
GBR,2009,5669.835
GBR,2008,6312.808
GBR,2007,6488.018
GBR,2006,6401.695
GBR,2005,6377.202
GBR,2004,6295.115
GBR,2003,6533.571
GBR,2002,6616.861
GBR,2001,6765.179
GBR,2000,6843.934
GEO,2020,226.619
GEO,2019,240.964
GEO,2018,243.856
GEO,2017,224.745
GEO,2016,203.889
GEO,2015,190.222
GEO,2014,187.532
GEO,2013,176.95
GEO,2012,178.926
GEO,2011,179.248
GEO,2010,172.377
GEO,2009,164.497
GHA,2022,2045.376
GHA,2021,1594.09
GHA,2017,2105.684
GHA,2015,1652.221
GHA,2013,1685.365
GHA,2010,1554.88
GHA,2006,1295.779
GHA,2000,1153.46
GIN,2014,459.22
GMB,2023,115.888
GMB,2018,56.287
GMB,2012,83.998
GNB,2022,68.345
GNB,2018,37.926
GRC,2024,698.9
GRC,2023,668.523
GRC,2022,643.499
GRC,2021,600.078
GRC,2020,537.144
GRC,2019,542.4
GRC,2018,533.079
GRC,2017,577.575
GRC,2016,559.29
GRC,2015,538.825
GRC,2014,528.997
GRC,2013,545.59
GRC,2012,609.854
GRC,2011,716.425
GRC,2010,858.75
GRC,2009,961.686
GRC,2008,1023.937
GRC,2007,1023.685
GRC,2006,996.686
GRC,2005,989.678
GRC,2004,976.644
GRC,2003,980.606
GRC,2002,969.79
GRC,2001,963.895
GRC,2000,927.088
GRD,2023,7.133
GRD,2021,20.054
GRD,2020,7.753
GRD,2019,38.717
GRD,2018,10.02
GTM,2023,1754.787
GTM,2022,1527.227
GTM,2021,1598.27
GTM,2019,1353.844
GTM,2018,1320.878
GTM,2017,1270.877
GTM,2016,1360.505
GTM,2015,1179.128
GTM,2014,1179.203
GTM,2013,1046.917
GTM,2012,1180.77
GTM,2011,1061.281
GTM,2010,1141.024
GTM,2006,835.421
GTM,2004,897.207
GTM,2003,1045.643
GTM,2002,922.905
GUY,2019,58.67
GUY,2018,62.568
HKG,2024,462.725
HKG,2023,462.067
HKG,2022,449.09
HKG,2021,443.016
HKG,2020,438.543
HKG,2019,468.975
HKG,2018,479.687
HKG,2017,475.677
HKG,2016,472.118
HKG,2015,455.224
HKG,2014,462.285
HKG,2013,458.727
HKG,2012,447.448
HKG,2011,434.068
HKG,2010,421.149
HKG,2009,412.4
HND,2023,804.054
HND,2022,877.411
HND,2021,901.459
HND,2020,855.533
HND,2019,819.743
HND,2018,791.887
HND,2017,758.431
HND,2016,758.026
HND,2015,758.081
HND,2014,728.295
HND,2013,634.943
HND,2012,620.515
HND,2011,611.271
HND,2010,588.059
HND,2009,616.884
HND,2008,623.534
HND,2007,587.652
HND,2006,571.392
HND,2005,594.939
HRV,2023,441.415
HRV,2022,443.321
HRV,2021,450.283
HRV,2020,437.518
HRV,2019,437.558
HRV,2018,429.276
HRV,2017,406.76
HRV,2016,411.755
HRV,2015,412.413
HRV,2014,412.431
HRV,2013,410.759
HRV,2012,426.282
HRV,2011,453.699
HRV,2010,463.675
HRV,2009,509.611
HRV,2008,546.098
HRV,2007,531.072
HRV,2006,465.185
HRV,2005,450.117
HRV,2004,469.026
HRV,2003,464.94
HRV,2002,453.437
HUN,2023,1461.822
HUN,2022,1465.171
HUN,2021,1449.008
HUN,2020,1413.185
HUN,2019,1444.622
HUN,2018,1447.804
HUN,2017,1393.769
HUN,2016,1323.512
HUN,2015,1274.958
HUN,2014,1246.11
HUN,2013,1163.746
HUN,2012,1140.199
HUN,2011,1159.241
HUN,2010,1145.989
HUN,2009,1167.684
HUN,2008,1240.062
HUN,2007,1268.717
HUN,2006,1269.623
HUN,2005,1267.039
HUN,2004,1282.955
HUN,2003,1310.461
HUN,2002,1320.34
HUN,2001,1328.338
HUN,2000,1285.634
IDN,2023,30565.877
IDN,2022,29567.325
IDN,2021,28402.621
IDN,2020,28251.638
IDN,2019,29409.844
IDN,2017,27033.441
IDN,2016,25966.47
IDN,2015,25968.576
IDN,2014,24904.59
IDN,2013,23960.061
IDN,2012,23922.31
IDN,2010,20100.029
IDN,2009,19139.987
IDN,2008,18852.017
IDN,2007,18790.808
IMN,2016,5.924
IMN,2011,6.517
IND,2024,122489.102
IND,2023,118109.251
IND,2022,116195.21
IND,2021,99435.749
IND,2020,91691.611
IND,2019,95942.189
IND,2018,88115.752
IND,2010,83757.228
IRL,2023,470.278
IRL,2022,498.484
IRL,2021,464.462
IRL,2020,431.029
IRL,2019,434.709
IRL,2018,423.24
IRL,2017,411.902
IRL,2016,394.209
IRL,2015,371.455
IRL,2014,343.512
IRL,2013,333.585
IRL,2012,318.893
IRL,2011,328.731
IRL,2010,346.676
IRL,2009,398.616
IRL,2008,510.113
IRL,2007,570.017
IRL,2006,555.855
IRL,2005,536.609
IRL,2004,506.496
IRL,2003,497.494
IRL,2002,487.226
IRL,2001,498.09
IRL,2000,475.685
IRN,2023,8248.225
IRN,2022,7958.682
IRN,2021,7924.43
IRN,2020,7742.781
IRN,2019,7755.269
IRN,2018,7591.481
IRN,2017,7445.063
IRN,2016,7151.398
IRN,2015,7117.6
IRN,2014,7158.965
IRN,2013,7268.413
IRN,2012,3472.891
IRN,2011,3444.366
IRN,2010,3538.03
IRN,2009,3673.656
IRN,2008,3576.141
IRQ,2021,2233.706
ISL,2023,40.073
ISL,2022,37.7
ISL,2021,37.197
ISL,2020,34.882
ISL,2019,35.044
ISL,2018,33.225
ISL,2017,33.816
ISL,2016,33.187
ISL,2015,32.662
ISL,2014,32.668
ISL,2013,32.168
ISL,2012,30.49
ISL,2011,30.724
ISL,2010,30.493
ISL,2009,32.282
ISL,2008,38.906
ISL,2007,36.577
ISL,2006,36.112
ISL,2005,34.559
ISL,2004,36.495
ISL,2003,34.059
ISL,2002,35.209
ISL,2001,36.135
ISL,2000,34.586
ISR,2023,644.61
ISR,2022,636.74
ISR,2021,612.954
ISR,2020,603.028
ISR,2019,631.071
ISR,2018,646.776
ISR,2017,646.968
ISR,2016,638.348
ISR,2015,625.573
ISR,2014,615.056
ISR,2013,598.349
ISR,2012,568.658
ISR,2011,595.127
ISR,2010,587.146
ISR,2009,570.21
ITA,2023,6281.108
ITA,2022,6206.974
ITA,2021,6008.251
ITA,2020,5975.969
ITA,2019,5989.266
ITA,2018,5996.902
ITA,2017,5986.346
ITA,2016,5944.767
ITA,2015,5975.547
ITA,2014,5993.216
ITA,2013,6001.84
ITA,2012,6224.042
ITA,2011,6392.549
ITA,2010,6444.524
ITA,2009,6636.71
ITA,2008,6881.013
ITA,2007,6898.211
ITA,2006,6838.727
ITA,2005,6875.372
ITA,2004,6911.062
ITA,2003,7002.089
ITA,2002,6871.985
ITA,2001,6780.404
ITA,2000,6651.926
JAM,2023,247.152
JAM,2022,220.622
JAM,2021,207.197
JAM,2017,188.806
JAM,2014,168.519
JAM,2013,168.221
JAM,2012,168.006
JAM,2011,175.539
JAM,2010,174.335
JAM,2009,187.272
JAM,2008,211.599
JOR,2023,450.809
JOR,2022,454.108
JOR,2021,430.412
JOR,2020,416.933
JOR,2019,423.173
JOR,2018,422.555
JOR,2017,427.093
JPN,2022,15409.052
JPN,2021,15346.013
JPN,2020,15503.838
JPN,2019,15762.287
JPN,2018,15742.423
JPN,2017,16046.34
JPN,2016,15845.51
JPN,2015,15853.275
JPN,2014,15942.387
JPN,2013,15868.078
JPN,2012,15841.113
JPN,2011,15558.833
JPN,2010,15977.994
JPN,2009,16427.434
JPN,2008,17601.252
JPN,2007,18002.263
JPN,2006,18011.995
JPN,2005,17869.758
JPN,2004,18039.636
JPN,2003,18558.721
JPN,2002,18581.652
JPN,2001,19362.772
JPN,2000,19925.225
KEN,2022,1987.936
KEN,2021,2162.805
KEN,2019,2808.509
KGZ,2022,675.489
KGZ,2021,676.9
KGZ,2020,605.725
KGZ,2019,649.376
KGZ,2018,586.731
KGZ,2017,574.62
KGZ,2016,521.806
KGZ,2015,489.952
KGZ,2014,470.108
KGZ,2013,456.408
KGZ,2012,495.096
KGZ,2011,476.527
KGZ,2010,470.702
KHM,2021,2477.686
KHM,2020,2320.405
KHM,2019,2132.076
KHM,2017,2320.126
KHM,2016,2307.085
KHM,2015,2149.597
KHM,2014,2025.176
KHM,2013,1595.378
KHM,2012,1816.794
KHM,2011,1350.557
KHM,2010,1270.255
KHM,2009,1208.082
KHM,2008,1106.411
KHM,2007,1037.379
KHM,2003,899.53
KHM,2001,649.406
KHM,2000,439.283
KIR,2020,1.83
KIR,2019,2.232
KIR,2015,5.074
KOR,2024,6760.706
KOR,2023,6817.473
KOR,2022,6869.832
KOR,2021,6710.164
KOR,2020,6630.902
KOR,2019,6666.243
KOR,2018,6759.704
KOR,2017,6769.85
KOR,2016,6668.784
KOR,2015,6664.224
KOR,2014,6471.203
KOR,2013,6267.919
KOR,2012,6131.055
KOR,2011,6090.924
KOR,2010,6005.698
KOR,2009,5797.577
KOR,2008,6010.801
KOR,2007,6073.363
KOR,2006,6064.038
KOR,2005,6084.947
KOR,2004,6160.625
KOR,2003,6148.254
KOR,2002,6096.596
KOR,2001,5956.742
KOR,2000,5977.91
KOS,2023,106.426
KOS,2022,99.368
KOS,2021,97.804
KOS,2020,96.168
KOS,2019,101.221
KOS,2018,91.216
KOS,2017,109.08
KOS,2016,98.646
KOS,2015,84.401
KOS,2014,92.953
KOS,2013,96.301
KOS,2012,89.706
LAO,2022,251.771
LAO,2017,246.972
LAO,2010,250.856
LBN,2019,326.134
LBR,2017,39.906
LBR,2010,115.778
LCA,2024,15.497
LCA,2023,13.881
LCA,2022,14.508
LCA,2021,11.802
LCA,2020,7.861
LCA,2019,11.837
LCA,2018,11.468
LCA,2017,12.615
LKA,2022,2158.199
LKA,2021,2109.482
LKA,2020,2152.746
LKA,2019,2258.421
LKA,2018,2239.262
LKA,2017,2331.494
LKA,2016,2097.503
LKA,2015,2018.171
LKA,2014,1971.841
LKA,2013,1927.193
LKA,2012,5608.926
LKA,2011,1819.571
LKA,2010,1864.538
LKA,2009,1910.314
LSO,2019,221.854
LSO,2008,151.849
LTU,2023,371.925
LTU,2022,365.536
LTU,2021,359.308
LTU,2020,344.487
LTU,2019,354.249
LTU,2018,354.227
LTU,2017,340.513
LTU,2016,342.212
LTU,2015,334.702
LTU,2014,326.111
LTU,2013,329.982
LTU,2012,319.995
LTU,2011,307.859
LTU,2010,306.419
LTU,2009,353.714
LTU,2008,435.51
LTU,2007,443.426
LTU,2006,422.55
LTU,2005,416.848
LTU,2004,402.856
LTU,2003,401.093
LTU,2002,388.866
LTU,2001,365.697
LTU,2000,380.063
LUX,2023,27.55
LUX,2022,27.463
LUX,2021,28.659
LUX,2020,28.007
LUX,2019,28.187
LUX,2018,31.508
LUX,2017,25.013
LUX,2016,28.232
LUX,2015,29.514
LUX,2014,27.131
LUX,2013,28.391
LUX,2012,29.34
LUX,2011,29.384
LUX,2010,28.642
LUX,2009,28.25
LUX,2008,30.884
LUX,2007,34.317
LUX,2006,32.578
LUX,2005,33.437
LUX,2004,35.427
LUX,2003,35.979
LUX,2002,37.768
LUX,2001,39.588
LUX,2000,37.54
LVA,2023,206.964
LVA,2022,209.289
LVA,2021,209.641
LVA,2020,202.586
LVA,2019,217.606
LVA,2018,208.876
LVA,2017,205.157
LVA,2016,215.268
LVA,2015,211.789
LVA,2014,210.867
LVA,2013,213.61
LVA,2012,205.473
LVA,2011,197.312
LVA,2010,196.226
LVA,2009,221.09
LVA,2008,310.032
LVA,2007,302.394
LVA,2006,281.947
LVA,2005,257.44
LVA,2004,258.778
LVA,2003,258.236
LVA,2002,242.829
LVA,2001,245.17
LVA,2000,251.969
MAC,2016,53.5
MAC,2015,62.9
MAC,2014,61.0
MAC,2013,45.8
MAR,2022,2495.571
MAR,2014,2569.89
MAR,2004,116.24
MDA,2024,178.727
MDA,2023,191.063
MDA,2022,194.084
MDA,2021,186.678
MDA,2020,180.455
MDA,2019,189.468
MDA,2018,154.104
MDA,2017,150.677
MDA,2016,162.904
MDA,2015,169.312
MDA,2014,170.718
MDA,2013,207.461
MDA,2012,221.086
MDA,2011,219.995
MDA,2010,213.278
MDA,2009,228.312
MDA,2008,246.148
MDA,2007,233.769
MDA,2006,228.654
MDA,2005,235.69
MDA,2004,236.702
MDA,2003,217.735
MDA,2002,217.423
MDA,2001,208.33
MDA,2000,210.442
MDG,2022,1170.305
MDG,2015,1015.933
MDG,2012,785.07
MDG,2001,516.141
MDV,2019,31.052
MDV,2016,26.131
MDV,2014,46.739
MDV,2009,15.433
MEX,2024,14413.185
MEX,2023,14491.937
MEX,2022,14071.736
MEX,2021,12793.004
MEX,2020,12005.911
MEX,2019,13099.109
MEX,2018,12940.042
MEX,2017,12522.445
MEX,2016,12158.699
MEX,2015,11690.79
MEX,2014,11265.229
MEX,2013,10999.222
MEX,2012,10715.387
MEX,2011,10458.597
MEX,2010,10389.77
MEX,2009,9983.676
MEX,2008,10321.706
MEX,2007,10382.372
MEX,2006,10181.7
MEX,2005,9816.401
MEX,2004,12003.08
MEX,2003,11693.024
MEX,2002,11598.316
MHL,2021,1.68
MHL,2019,2.554
MKD,2024,212.289
MKD,2023,212.347
MKD,2022,209.043
MKD,2021,243.923
MKD,2020,244.529
MKD,2019,247.902
MKD,2018,236.948
MKD,2017,225.581
MKD,2016,219.014
MKD,2015,214.668
MKD,2014,209.529
MKD,2013,206.259
MKD,2012,194.312
MKD,2011,192.578
MKD,2010,177.738
MKD,2009,185.891
MKD,2008,190.53
MKD,2007,184.758
MKD,2006,184.012
MLI,2022,564.395
MLI,2020,580.35
MLI,2018,455.535
MLI,2017,495.345
MLI,2016,366.634
MLI,2015,481.088
MLI,2014,458.141
MLI,2013,350.245
MLI,2009,305.81
MLT,2023,54.475
MLT,2022,48.59
MLT,2021,48.484
MLT,2020,47.853
MLT,2019,48.636
MLT,2018,44.383
MLT,2017,43.635
MLT,2016,41.326
MLT,2015,39.645
MLT,2014,39.415
MLT,2013,39.164
MLT,2012,38.392
MLT,2011,40.85
MLT,2010,41.492
MLT,2009,39.9
MLT,2008,40.54
MLT,2007,40.893
MLT,2006,42.838
MLT,2005,44.581
MLT,2004,43.008
MLT,2003,44.47
MLT,2002,46.983
MLT,2001,45.609
MLT,2000,46.826
MMR,2020,4138.044
MMR,2019,3733.526
MMR,2018,3893.997
MMR,2017,3496.696
MMR,2015,3638.22
MNE,2023,51.3
MNE,2022,47.84
MNE,2021,35.984
MNE,2020,40.436
MNE,2019,47.327
MNE,2018,44.87
MNE,2017,39.172
MNE,2016,39.157
MNE,2015,38.717
MNE,2014,37.976
MNE,2013,35.897
MNE,2012,35.028
MNE,2011,37.198
MNG,2023,294.729
MNG,2022,299.818
MNG,2021,267.882
MNG,2020,251.508
MNG,2019,254.376
MNG,2018,258.264
MNG,2017,238.005
MNG,2016,217.983
MNG,2015,233.542
MNG,2014,230.141
MNG,2013,225.346
MNG,2012,191.976
MNG,2011,178.49
MNG,2010,167.83
MNG,2009,139.532
MNG,2008,137.022
MNG,2006,122.997
MNG,2003,102.864
MNG,2000,80.582
MOZ,2022,777.074
MOZ,2015,760.843
MSR,2020,0.35
MUS,2023,117.39
MUS,2022,118.446
MUS,2021,107.028
MUS,2019,131.803
MUS,2018,130.918
MUS,2017,134.3
MUS,2016,141.077
MUS,2015,136.19
MUS,2014,139.756
MUS,2013,141.142
MUS,2012,141.976
MUS,2011,141.228
MUS,2010,145.447
MUS,2009,147.882
MUS,2008,155.504
MUS,2007,194.173
MUS,2006,155.195
MUS,2005,158.935
MUS,2004,163.027
MUS,2003,172.548
MUS,2002,171.95
MUS,2001,165.78
MWI,2013,424.904
MYS,2014,3881.7
MYS,2013,3841.0
MYS,2012,3662.1
MYS,2011,3591.9
MYS,2010,3266.2
MYS,2009,2943.8
MYS,2000,2347.1
NAM,2018,117.228
NAM,2016,127.941
NAM,2014,104.531
NAM,2013,97.894
NAM,2012,86.396
NAM,2010,75.717
NER,2022,862.329
NER,2019,598.952
NER,2017,515.773
NGA,2019,9021.08
NGA,2013,6752.514
NGA,2011,5387.466
NIC,2014,466.016
NIC,2012,477.62
NIC,2001,336.581
NIU,2022,0.089
NIU,2017,0.111
NLD,2023,1377.427
NLD,2022,1343.335
NLD,2021,1284.16
NLD,2020,1267.309
NLD,2019,1291.961
NLD,2018,1286.288
NLD,2017,1289.997
NLD,2016,1255.259
NLD,2015,1271.698
NLD,2014,1224.959
NLD,2013,1279.207
NLD,2012,1317.714
NLD,2011,1247.498
NLD,2010,1323.446
NLD,2009,1405.869
NLD,2008,1511.594
NLD,2007,1562.171
NLD,2006,1560.859
NLD,2005,1567.611
NLD,2004,1548.68
NLD,2003,1562.179
NLD,2002,1554.433
NLD,2001,1643.903
NLD,2000,1588.675
NOR,2023,538.629
NOR,2022,541.974
NOR,2021,526.434
NOR,2020,530.51
NOR,2019,534.148
NOR,2018,511.312
NOR,2017,518.231
NOR,2016,512.962
NOR,2015,526.636
NOR,2014,538.317
NOR,2013,522.297
NOR,2012,526.175
NOR,2011,507.273
NOR,2010,505.403
NOR,2009,501.925
NOR,2008,528.627
NOR,2007,510.768
NOR,2006,496.937
NOR,2005,475.777
NOR,2004,472.29
NOR,2003,490.193
NOR,2002,496.563
NOR,2001,494.65
NOR,2000,494.419
NPL,2017,2184.699
NPL,2008,909.509
NRU,2021,0.205
NRU,2013,0.947
OMN,2021,710.085
OMN,2020,727.29
PAK,2021,15677.022
PAK,2019,14363.932
PAK,2018,14941.746
PAK,2016,13952.537
PAK,2015,13277.481
PAK,2014,12429.473
PAK,2013,12302.794
PAK,2012,7638.077
PAK,2011,11184.937
PAK,2010,10578.651
PAK,2009,10116.974
PAK,2008,8038.035
PAK,2007,6229.405
PAK,2006,7472.848
PAK,2005,5689.343
PAN,2024,327.402
PAN,2023,338.29
PAN,2022,162.038
PAN,2021,293.25
PAN,2020,301.138
PAN,2019,340.142
PAN,2018,350.418
PAN,2017,331.245
PAN,2016,325.672
PAN,2015,324.461
PAN,2014,340.37
PAN,2013,336.699
PAN,2012,295.028
PAN,2011,288.218
PAN,2010,272.255
PAN,2009,276.25
PAN,2008,264.56
PAN,2003,164.788
PER,2024,2969.753
PER,2023,2879.787
PER,2022,2958.502
PER,2021,3010.807
PER,2020,2498.23
PER,2019,2935.975
PER,2018,2894.809
PER,2017,2859.054
PER,2016,2927.075
PER,2015,2942.643
PER,2014,2917.783
PER,2013,2978.44
PER,2012,2946.699
PER,2011,2772.219
PER,2010,2775.566
PER,2009,2634.253
PER,2008,2564.86
PER,2007,2469.77
PER,2006,2143.565
PER,2005,1973.477
PER,2004,1983.866
PER,2003,1724.84
PER,2002,1763.118
PER,2001,1766.28
PER,2000,1641.695
PHL,2022,8454.366
PHL,2021,7745.66
PHL,2020,7206.306
PHL,2019,8110.727
PHL,2018,7846.222
PHL,2017,7370.042
PHL,2016,7159.489
PHL,2015,6337.248
PHL,2014,6070.085
PHL,2013,5936.905
PHL,2012,5743.094
PLW,2020,1.578
PLW,2014,0.638
PNG,2022,303.411
PNG,2010,109.098
POL,2023,5019.521
POL,2022,5137.889
POL,2021,5121.356
POL,2020,5097.331
POL,2019,5260.325
POL,2018,5218.852
POL,2017,5180.463
POL,2016,5074.232
POL,2015,4896.364
POL,2014,4827.079
POL,2013,4739.266
POL,2012,4735.353
POL,2011,4769.163
POL,2010,4681.436
POL,2009,4924.998
POL,2008,5039.086
POL,2007,4681.342
POL,2006,4373.813
POL,2005,4127.135
POL,2004,3976.099
POL,2003,11848.244
POL,2002,12049.771
POL,2001,12538.649
POL,2000,4481.052
PRI,2020,161.251
PRI,2015,170.437
PRT,2024,1262.334
PRT,2023,1286.87
PRT,2022,1228.735
PRT,2021,1176.601
PRT,2020,1193.334
PRT,2019,1206.555
PRT,2018,1204.605
PRT,2017,1173.929
PRT,2016,1123.516
PRT,2015,1104.67
PRT,2014,1070.216
PRT,2013,1046.507
PRT,2012,1140.965
PRT,2011,1271.429
PRT,2010,1335.09
PRT,2009,1381.505
PRT,2008,1483.417
PRT,2007,1540.04
PRT,2006,1539.429
PRT,2005,1533.744
PRT,2004,1574.942
PRT,2003,1665.594
PRT,2002,1722.571
PRT,2001,1712.362
PRT,2000,1730.183
PRY,2024,549.281
PRY,2023,583.405
PRY,2022,652.239
PRY,2021,674.893
PRY,2020,630.389
PRY,2019,613.874
PRY,2018,615.327
PRY,2017,626.373
PRY,2016,606.257
PRY,2015,642.103
PRY,2014,607.828
PRY,2013,557.758
PRY,2012,532.02
PRY,2011,525.268
PRY,2010,538.67
PRY,2009,498.702
PRY,2008,494.427
PRY,2007,466.423
PRY,2006,406.604
PRY,2005,388.789
PRY,2004,397.376
PRY,2003,352.176
PRY,2002,326.323
PRY,2001,350.962
PSE,2024,189.246
PSE,2022,370.427
PSE,2021,330.152
PSE,2020,293.238
PSE,2019,307.765
PSE,2018,299.286
PSE,2017,292.809
PSE,2016,284.052
PSE,2015,266.877
PSE,2014,249.976
PSE,2013,243.166
PSE,2012,225.522
PSE,2011,159.824
PSE,2010,182.419
PSE,2009,172.298
PSE,2008,153.722
PSE,2007,164.063
PSE,2006,150.578
PSE,2005,157.245
PSE,2004,134.388
PSE,2003,137.651
PSE,2002,107.081
PSE,2001,135.606
PSE,2000,196.82
QAT,2013,794.663
QAT,2010,697.833
REU,2012,31.239
ROU,2023,2552.501
ROU,2022,2562.877
ROU,2021,2554.89
ROU,2020,2533.187
ROU,2019,2610.394
ROU,2018,2609.235
ROU,2017,2611.946
ROU,2016,2524.562
ROU,2015,2429.111
ROU,2014,2491.779
ROU,2013,2418.09
ROU,2012,2427.219
ROU,2011,2435.979
ROU,2010,2467.044
ROU,2009,2774.523
ROU,2008,2960.8
ROU,2007,2937.476
ROU,2006,2853.061
ROU,2005,2775.812
ROU,2004,2883.467
ROU,2003,2729.325
ROU,2002,2889.805
ROU,2001,2793.276
ROU,2000,2810.788
RUS,2023,19103.142
RUS,2022,18923.365
RUS,2021,18516.059
RUS,2020,18166.924
RUS,2019,18703.123
RUS,2018,18855.476
RUS,2017,18918.438
RUS,2016,18909.533
RUS,2015,19056.503
RUS,2014,19096.21
RUS,2013,19177.347
RUS,2012,19261.154
RUS,2011,18879.514
RUS,2010,18796.184
RUS,2009,19023.588
RWA,2024,768.569
RWA,2023,665.218
RWA,2022,614.009
RWA,2021,566.809
RWA,2020,742.302
RWA,2019,613.986
RWA,2018,606.301
RWA,2017,498.908
RWA,2014,434.17
SDN,2022,1163.959
SDN,2008,1108.523
SEN,2022,1194.923
SEN,2019,976.579
SEN,2016,469.673
SEN,2015,442.166
SGP,2024,335.024
SGP,2023,325.639
SGP,2022,342.33
SGP,2021,330.084
SGP,2020,310.2
SGP,2019,312.4
SGP,2018,332.2
SGP,2017,324.1
SGP,2016,328.4
SGP,2015,349.2
SGP,2014,347.5
SGP,2013,381.9
SLB,2013,33.901
SLE,2018,270.611
SLE,2014,97.993
SLV,2023,686.639
SLV,2022,670.177
SLV,2021,660.872
SLV,2020,638.952
SLV,2019,654.577
SLV,2018,624.874
SLV,2017,602.314
SLV,2016,575.368
SLV,2015,591.476
SLV,2014,552.33
SLV,2013,535.222
SLV,2012,536.921
SLV,2011,520.964
SLV,2010,512.02
SLV,2009,488.313
SOM,2019,177.274
SRB,2024,840.034
SRB,2023,836.198
SRB,2022,836.87
SRB,2021,814.992
SRB,2020,808.71
SRB,2019,795.411
SRB,2018,761.889
SRB,2017,706.958
SRB,2016,664.202
SRB,2015,629.596
SRB,2014,631.124
SRB,2013,597.471
SRB,2012,589.47
SRB,2011,603.821
SRB,2010,612.949
SRB,2009,661.51
SRB,2008,739.124
SRB,2007,801.048
SSD,2008,58.508
STP,2017,3.113
SUR,2016,47.577
SUR,2015,31.241
SUR,2013,31.874
SVK,2023,686.884
SVK,2022,932.917
SVK,2021,710.483
SVK,2020,924.785
SVK,2019,932.518
SVK,2018,937.313
SVK,2017,940.547
SVK,2016,229.686
SVK,2015,661.109
SVK,2014,876.037
SVK,2013,626.092
SVK,2012,874.304
SVK,2011,218.245
SVK,2010,642.749
SVK,2009,897.633
SVK,2008,976.541
SVK,2007,928.254
SVK,2006,893.066
SVK,2005,858.903
SVK,2004,846.546
SVK,2003,829.047
SVK,2002,816.885
SVK,2001,798.307
SVK,2000,782.889
SVN,2023,316.483
SVN,2022,296.353
SVN,2021,290.22
SVN,2020,331.486
SVN,2019,333.207
SVN,2018,324.929
SVN,2017,317.016
SVN,2016,301.125
SVN,2015,290.068
SVN,2014,281.895
SVN,2013,279.728
SVN,2012,284.566
SVN,2011,294.903
SVN,2010,313.491
SVN,2009,323.418
SVN,2008,348.225
SVN,2007,343.37
SVN,2006,339.571
SVN,2005,350.141
SVN,2004,340.128
SVN,2003,330.555
SVN,2002,355.12
SVN,2001,349.134
SVN,2000,334.293
SWE,2023,919.269
SWE,2022,898.405
SWE,2021,911.236
SWE,2020,920.853
SWE,2019,940.2
SWE,2018,922.171
SWE,2017,907.598
SWE,2016,887.869
SWE,2015,878.775
SWE,2014,882.813
SWE,2013,896.444
SWE,2012,910.194
SWE,2011,917.689
SWE,2010,898.022
SWE,2009,904.047
SWE,2008,975.167
SWE,2007,979.369
SWE,2006,967.839
SWE,2005,951.161
SWE,2004,963.475
SWE,2003,982.113
SWE,2002,996.892
SWE,2001,1028.179
SWE,2000,1004.772
SWZ,2023,53.244
SWZ,2021,45.966
SWZ,2016,69.977
SYC,2023,12.646
SYC,2020,6.465
SYC,2019,6.21
SYC,2018,6.139
SYC,2017,6.418
SYC,2016,6.523
SYC,2015,4.064
SYC,2014,7.168
TCD,2018,383.514
TGO,2022,613.367
TGO,2017,408.766
TGO,2015,313.793
TGO,2011,364.843
TGO,2010,347.232
THA,2024,8844.382
THA,2023,8741.86
THA,2022,8711.086
THA,2021,8396.659
THA,2020,8504.42
THA,2019,8592.172
THA,2018,8634.897
THA,2017,8558.259
THA,2016,8924.345
THA,2015,9002.443
THA,2014,8954.178
THA,2013,8199.939
THA,2012,7837.876
THA,2011,7639.084
THA,2010,7852.411
THA,2007,7100.041
THA,2000,5376.408
TJK,2016,701.02
TJK,2009,312.867
TJK,2007,306.292
TJK,2003,222.492
TLS,2022,14.574
TLS,2021,31.532
TLS,2016,39.418
TLS,2015,9.927
TLS,2013,26.572
TLS,2010,23.35
TLS,2007,2.859
TLS,2001,9.404
TON,2023,7.624
TON,2021,10.279
TON,2018,8.582
TON,2016,9.28
TTO,2023,143.356
TTO,2022,136.954
TTO,2021,136.307
TTO,2020,136.049
TTO,2019,150.784
TTO,2016,167.466
TTO,2015,173.483
TTO,2014,177.968
TTO,2013,179.042
TTO,2012,176.466
TTO,2011,173.139
TUN,2019,1218.019
TUN,2014,770.383
TUN,2010,1072.244
TUN,2009,1013.113
TUR,2023,8720.976
TUR,2022,8513.111
TUR,2021,7945.913
TUR,2020,7033.769
TUR,2019,7109.372
TUR,2018,7661.667
TUR,2017,7482.55
TUR,2016,7286.867
TUR,2015,7246.414
TUR,2014,7222.759
TUR,2013,6734.761
TUR,2012,6459.845
TUR,2011,6377.042
TUR,2010,5924.298
TUR,2009,5382.028
TUR,2008,5681.997
TUR,2007,5549.928
TUR,2006,5469.805
TUR,2005,5289.768
TUR,2004,4895.424
TUR,2003,1147.807
TUR,2002,1181.063
TUR,2000,1536.482
TUV,2022,0.598
TUV,2017,0.584
TUV,2016,0.388
TZA,2020,1986.834
TZA,2014,1323.378
TZA,2012,1252.463
TZA,2010,1425.948
TZA,2006,898.499
TZA,2001,434.885
UGA,2021,1283.249
UGA,2019,1324.332
UGA,2017,970.012
UGA,2014,728.607
UGA,2012,849.833
UGA,2011,409.473
UGA,2010,553.55
UKR,2021,3957.655
UKR,2020,3956.818
UKR,2019,4163.208
UKR,2018,3977.499
UKR,2017,3925.2
UKR,2016,3946.3
UKR,2015,4059.9
UKR,2014,4724.4
UKR,2013,5061.4
UKR,2012,5252.2
UKR,2011,5214.8
URY,2023,320.016
URY,2022,299.101
URY,2021,297.822
URY,2020,282.101
URY,2019,307.898
URY,2018,314.045
URY,2017,324.355
URY,2016,329.908
URY,2015,337.318
URY,2014,347.419
URY,2013,348.959
URY,2012,330.192
URY,2011,341.085
URY,2010,333.782
URY,2009,293.414
URY,2008,293.957
URY,2007,287.478
URY,2006,275.407
URY,2005,206.816
URY,2004,206.003
URY,2003,194.183
URY,2002,207.609
URY,2001,232.798
URY,2000,249.332
USA,2024,30726.17
USA,2023,31137.472
USA,2022,30513.43
USA,2021,29270.564
USA,2020,28699.402
USA,2019,30905.761
USA,2018,30481.327
USA,2017,29788.938
USA,2016,29491.927
USA,2015,29104.78
USA,2014,28833.949
USA,2013,28332.699
USA,2012,27733.192
USA,2011,27197.557
USA,2010,26937.717
USA,2009,27640.467
USA,2008,30848.827
USA,2007,31963.932
USA,2006,31921.004
USA,2005,31195.043
USA,2004,30825.738
USA,2003,30560.423
UZB,2019,3135.478
UZB,2018,3008.41
UZB,2017,3116.8
UZB,2016,3066.0
UZB,2015,2990.9
VEN,2017,2894.124
VEN,2016,2729.52
VEN,2012,2631.154
VEN,2011,2661.798
VEN,2010,2625.874
VEN,2009,2671.354
VEN,2008,2670.586
VEN,2007,2604.306
VEN,2006,2430.405
VEN,2005,2135.076
VNM,2023,17140.218
VNM,2022,16880.979
VNM,2021,16243.284
VNM,2020,16568.234
VNM,2019,16148.095
VNM,2018,14487.159
VNM,2017,13843.026
VNM,2016,13198.219
VNM,2015,12017.111
VNM,2014,11306.088
VNM,2013,11057.096
VNM,2012,10892.274
VNM,2011,10824.656
VNM,2010,10668.639
VNM,2009,10487.935
VNM,2007,9380.126
VUT,2020,7.512
VUT,2019,7.769
VUT,2010,6.497
VUT,2009,6.644
VUT,2006,0.653
WLF,2019,0.383
WSM,2022,6.991
WSM,2017,6.347
WSM,2012,5.105
YEM,2014,607.22
YEM,2010,776.79
ZAF,2024,3563.356
ZAF,2023,3443.831
ZAF,2022,3319.454
ZAF,2021,3071.708
ZAF,2020,3232.947
ZAF,2019,3695.811
ZAF,2018,3846.336
ZAF,2017,3820.998
ZAF,2016,3729.309
ZAF,2015,3798.108
ZAF,2014,3592.454
ZAF,2013,3537.322
ZAF,2012,3420.846
ZAF,2011,3438.72
ZAF,2010,3405.015
ZAF,2009,3627.194
ZAF,2008,3815.725
ZAF,2007,3319.767
ZAF,2006,3189.874
ZAF,2005,3094.447
ZAF,2004,2983.412
ZAF,2003,2830.155
ZAF,2002,2847.094
ZAF,2001,2928.608
ZAF,2000,2802.786
ZMB,2023,670.902
ZMB,2022,564.79
ZMB,2021,582.673
ZMB,2020,491.284
ZMB,2019,496.325
ZMB,2018,523.788
ZMB,2017,466.12
ZMB,2015,495.89
ZWE,2023,627.991
ZWE,2022,662.185
ZWE,2021,715.323
ZWE,2019,552.49
ZWE,2014,460.792
ZWE,2011,493.862
