country,year,Export,Import,ILO
ABW,2010,124523218.0,1071033527.0,6.738
AFG,2014,570534007.0,7697178170.0,1389.95
AFG,2017,831926771.77,7792600111.74,1122.933
AGO,2004,13253676784.371,5072075923.756,406.676
AGO,2009,40639411732.0,23918854361.0,432.43
AGO,2011,66427390220.0,20790996039.0,540.716
AGO,2014,58672369190.0,28753499329.0,330.004
AGO,2019,35432454858.832,13961640425.765,688.092
AGO,2021,34472161956.832,11378927920.701,625.641
AGO,2022,51274951711.647,17802935241.948,813.873
ALB,2007,1077690359.0,4200864046.0,220.571
ALB,2008,1354921653.0,5250490022.0,199.625
ALB,2009,1087914902.0,4548287875.0,231.413
ALB,2010,1549955724.0,4602774967.0,240.369
ALB,2012,1967918947.0,4879829648.0,195.749
ALB,2013,2331521928.0,4880593254.0,172.182
ALB,2014,2430723644.0,5229972238.0,180.857
ALB,2015,1929657032.0,4320219367.0,201.484
ALB,2016,1962117416.0,4669289913.0,222.997
ALB,2017,2301340965.67,5293901931.205,230.968
ALB,2018,2875859778.765,5941286949.487,242.666
ALB,2019,2719428708.042,5908003380.108,254.839
ALB,2020,2415632335.419,5410943446.851,254.541
ALB,2021,3562297235.872,7734905145.339,273.293
ALB,2022,4306234747.242,8407345270.407,283.606
ALB,2023,4374857212.456,8668927602.553,279.175
ARE,2017,313599362102.95,257733259747.664,1147.184
ARE,2018,387964272061.879,244687551962.78,2497.813
ARE,2019,389427993903.956,288446698975.132,2127.975
ARE,2020,335296907869.73,246961070632.623,1898.134
ARE,2021,425159796503.562,347528997702.207,2121.98
ARE,2022,515621189049.101,420493197887.132,2141.986
ARE,2023,570245383584.532,470536019784.564,2615.63
ARG,2004,34575705522.0,22445246576.0,2095.11
ARG,2005,40106386092.0,28688637653.0,2211.34
ARG,2006,46546224081.0,34153541756.0,2345.308
ARG,2008,70018850811.0,57461774372.0,2455.267
ARG,2009,55672118600.0,38786161790.0,2400.055
ARG,2010,68174446579.0,56792378207.0,2444.524
ARG,2011,82981091282.0,73960656100.0,2555.295
ARG,2012,79982379582.0,67973971893.0,2534.517
ARG,2013,75962981361.0,74441745276.0,2587.648
ARG,2014,68404346618.25,65735987757.05,2639.317
ARG,2017,58384194969.28,66899299586.97,2554.962
ARG,2018,61559407361.54,65440966165.64,2541.517
ARG,2019,65115326623.66,49125029975.95,2599.87
ARG,2020,54883822445.7,42355505399.72,2408.471
ARG,2021,77934314986.58,63183637614.17,2613.042
ARG,2022,88445718838.32,81522681076.03,2811.608
ARG,2023,66788515986.35,73713612595.47,2964.836
ARM,2008,1055012744.0,4101217006.0,224.83
ARM,2014,1490190146.0,4159517448.0,189.624
ARM,2015,1482667349.0,3256964792.0,170.663
ARM,2016,1807789510.0,3218457706.0,158.816
ARM,2017,2144962969.58,3893454903.13,169.045
AUS,2001,63288188610.0,64319977353.0,1823.674
AUS,2002,64984167265.0,73025896959.0,2022.966
AUS,2003,70288235404.0,89065101558.0,1909.688
AUS,2004,86484037752.0,109482715206.0,2091.796
AUS,2005,106011050685.0,125221245282.0,2147.597
AUS,2006,123324472734.0,139354165032.0,2219.156
AUS,2007,141181512401.0,165471525339.0,2279.953
AUS,2008,186853013588.0,200617274510.0,2395.747
AUS,2009,153899575950.0,165601136423.0,2352.948
AUS,2010,212108726296.0,201703333727.0,2388.86
AUS,2011,269423385464.0,234205823230.0,2406.898
AUS,2012,256242912988.0,250464794398.0,2430.991
AUS,2013,252155105281.0,232481271344.0,2410.082
AUS,2014,240444683866.0,227544231343.0,2422.363
AUS,2015,187792151470.0,200113779978.0,2365.772
AUS,2016,189629974559.0,189406027941.0,2395.378
AUS,2017,230536736593.854,228429293201.109,2456.136
AUS,2018,256565262375.592,235632823913.726,2572.834
AUS,2019,270260835869.77,221527797251.589,2535.654
AUS,2020,247159345941.573,210212509293.219,2501.435
AUS,2021,342036103269.844,261586379464.768,2550.495
AUS,2022,410252834479.043,309300244763.119,2625.233
AUS,2023,369235124159.052,287861341163.506,2775.905
AUS,2024,340854851740.669,296481761665.157,2785.407
AUT,2000,63674699062.0,68373911913.0,1105.973
AUT,2001,66492423852.0,70491571059.0,1085.493
AUT,2002,73112664770.0,72796195961.0,1058.517
AUT,2003,89256767360.0,91595357834.0,1083.127
AUT,2004,110829757357.0,111261147199.0,1019.16
AUT,2005,117721712170.0,119950092010.0,1033.375
AUT,2006,134169531326.0,134356314386.0,1077.487
AUT,2007,156588406562.0,156055652650.0,1072.117
AUT,2008,172227951752.0,175025754112.0,1038.952
AUT,2009,131387248005.0,136418429213.0,985.104
AUT,2010,144882002012.0,150592664071.0,992.968
AUT,2011,169511432541.0,182349823981.0,1054.699
AUT,2012,158820719332.351,169657276310.24,1065.265
AUT,2013,166273910254.833,173366037687.729,1063.46
AUT,2014,169712859499.776,172446638357.056,1059.069
AUT,2015,145275530315.015,147927653250.615,1068.772
AUT,2016,144700690215.736,149987386054.557,1078.803
AUT,2017,159970530802.934,166475080970.019,1061.792
AUT,2018,176991970620.195,184195200603.949,1098.562
AUT,2019,171532054962.314,176596131348.864,1104.243
AUT,2020,162145129017.335,164635579303.554,1072.991
AUT,2021,194703245949.459,210913061446.332,1103.483
AUT,2022,203753247346.142,226475409356.762,1171.252
AUT,2023,216176589470.172,219097053477.848,1153.076
BDI,2020,161435827.836,909784642.443,152.734
BEL,2000,187838904743.0,176990651494.0,1063.523
BEL,2001,190309486976.0,178697512388.0,1029.372
BEL,2002,215803005428.0,198094630569.0,1044.911
BEL,2003,255553660880.0,234922194436.0,1010.369
BEL,2004,307690419647.0,286478237982.0,1033.442
BEL,2005,335691778058.0,319085461278.0,1045.531
BEL,2006,366835492350.0,353093659615.0,1052.728
BEL,2007,431743842738.0,413035800320.0,1069.773
BEL,2008,471797820094.0,466338013887.0,1096.913
BEL,2009,370879193628.0,354586368473.0,1037.7
BEL,2010,274724245144.588,282824854916.43,1049.239
BEL,2011,327589023656.764,341601380377.552,1047.671
BEL,2012,305138320815.614,318426807370.856,984.229
BEL,2013,318244235352.657,327981656318.022,983.236
BEL,2014,319214138235.333,328434633520.439,972.004
BEL,2015,253410705992.653,258592723817.133,975.599
BEL,2016,271231916571.688,276952158721.632,975.274
BEL,2017,296556522030.368,305936853961.826,981.994
BEL,2018,323378438760.036,340085567767.348,994.893
BEL,2019,311796811947.95,318706545157.901,1020.67
BEL,2020,295143761843.513,294246686004.883,993.812
BEL,2021,385980404667.027,393947911334.252,958.926
BEL,2022,463782146328.437,464276902334.93,1021.05
BEL,2023,393157732896.377,415137347678.401,1013.152
BEN,2013,602013920.0,2940678607.0,453.45
BEN,2022,899184556.106,3845858822.924,996.639
BFA,2018,3267574544.55,4396268961.314,1087.272
BFA,2022,4556026146.944,5647110848.988,1038.887
BFA,2023,4458757137.217,5880261677.507,1196.397
BGD,2006,11696700498.0,15688545072.0,6876.009
BGD,2010,19230982559.0,30503835497.0,9532.411
BGD,2013,24537341006.0,35493348058.0,12072.519
BGR,2000,4821843864.0,6504688325.0,937.987
BGR,2001,5113888232.0,7278158957.0,901.775
BGR,2002,5748869468.0,7987045940.0,913.722
BGR,2003,7540175591.0,10886579888.0,923.341
BGR,2004,9931087433.0,14467100657.0,975.741
BGR,2005,11739329329.0,18162452722.0,1020.362
BGR,2006,15101457070.0,23268729351.0,1072.091
BGR,2007,18575129425.0,30085387539.0,1154.685
BGR,2008,22485509057.0,37015366386.0,1218.883
BGR,2009,16502519893.0,23340811547.0,1158.385
BGR,2010,20608005156.0,25359886220.0,1027.199
BGR,2011,28165219747.0,32493611423.0,934.35
BGR,2012,26698780088.0,32743133695.0,923.084
BGR,2013,29510574320.0,34316572909.0,895.965
BGR,2014,29386540311.0,34740042449.0,883.607
BGR,2015,25778745945.0,29265116176.0,918.557
BGR,2016,26688182909.371,28958139912.603,910.217
BGR,2017,31588418276.159,34263590069.665,923.582
BGR,2018,33787143989.759,37927842259.089,955.13
BGR,2019,33454448049.403,37765114126.383,897.6
BGR,2020,31914703883.498,35027243632.891,907.298
BGR,2021,41370856687.293,46395777342.428,863.014
BGR,2022,50250282857.552,58091667019.676,889.007
BGR,2023,47900556830.376,53528641323.766,867.564
BHR,2001,5551309153.0,4296168301.0,81.69
BHS,2019,537268559.81,3320458693.718,30.463
BIH,2006,3427781565.0,7559256431.0,249.395
BIH,2007,4151965348.0,9720056196.0,276.789
BIH,2008,5021082673.0,12188608532.0,289.061
BIH,2009,3953920135.0,8363714090.0,270.456
BIH,2010,4803107191.0,9222997633.0,258.803
BIH,2011,5850078709.0,11050575357.0,235.7
BIH,2012,5161808996.0,10019077121.0,247.035
BIH,2013,5687463465.0,10295187458.0,244.983
BIH,2014,5892102201.0,10990420322.0,243.636
BIH,2015,5099185764.0,8993966160.0,242.176
BIH,2016,5327578339.0,9141880413.0,250.548
BIH,2017,6367922271.56,10474058771.313,240.666
BIH,2018,7182096317.77,11629555025.821,264.287
BIH,2019,6578243902.235,11159040331.667,254.6
BIH,2020,6152512537.995,9867513970.012,391.316
BIH,2021,8614110010.866,13028951612.9,385.991
BIH,2022,9678152369.771,15379632167.161,401.511
BIH,2023,9228185850.185,15348896098.385,410.533
BLR,2009,21304172900.0,28568991600.0,1554.196
BLR,2016,23537354500.0,27609883700.0,1531.537
BLR,2017,29239993900.0,34234849200.0,1507.69
BLR,2018,33726141400.0,38408911900.0,1499.263
BLR,2019,32955122400.0,39476679200.0,1491.64
BLR,2020,29179441000.0,32767433100.0,1493.321
BLR,2021,39889022800.0,41810690400.0,1476.048
BLZ,2014,358429021.0,962112036.0,22.57
BLZ,2015,313895185.0,995560655.0,21.172
BLZ,2016,246162629.0,952493786.0,22.619
BLZ,2017,277584960.065,913130452.85,23.224
BLZ,2018,240911158.1,957739411.005,27.077
BLZ,2019,244908836.208,985904343.903,25.96
BMU,2009,,1028090585.0,4.646
BMU,2010,,969629106.0,4.752
BOL,2000,1472403785.0,2020310594.0,663.943
BOL,2001,1349864878.47,1707551640.0,586.818
BOL,2002,1372218621.03,1831240178.0,667.316
BOL,2005,2945537489.73,2440039451.0,803.009
BOL,2006,4229618678.21,2925735248.0,766.798
BOL,2007,4886102395.67,3587951682.0,887.848
BOL,2008,7053621894.41,5097054867.0,919.278
BOL,2009,5483902779.1,4568531914.0,977.747
BOL,2011,9213940071.9,7935744414.95,848.863
BOL,2012,11990832241.58,8590084889.58,837.041
BOL,2013,12371515895.71,9699044724.97,826.676
BOL,2014,13034220241.28,10674099376.56,1047.335
BOL,2015,8923115382.86,9843076578.56,1025.385
BOL,2016,7258713168.57,8563809687.11,1012.94
BOL,2017,8367078520.09,9367587902.74,1014.42
BOL,2018,9110355630.63,10000376722.28,1050.74
BOL,2019,8933330988.37,9824367971.12,1164.818
BOL,2020,7032764187.99,7115199566.13,980.581
BOL,2021,11079788840.24,9618073964.67,1254.806
BOL,2022,13652812870.04,13049405742.0,1312.706
BOL,2023,10918688057.06,11489290064.0,1321.918
BRA,2001,58032294243.0,59684468395.0,15400.971
BRA,2002,60144460644.0,50761136223.0,16337.073
BRA,2003,72772250490.0,51866683099.0,16167.356
BRA,2004,95115400894.0,67459080324.0,17154.272
BRA,2005,118592084489.0,78702313940.0,17894.007
BRA,2006,137574211351.0,97033998543.0,18286.931
BRA,2007,159816180731.0,128110615840.0,19086.291
BRA,2008,195764624177.0,183920682149.0,20272.955
BRA,2009,151791674186.0,135377600478.0,19926.331
BRA,2011,253665436795.0,238706132375.0,19845.993
BRA,2012,239952538158.0,235404475808.0,20844.708
BRA,2013,232543660117.0,252281704523.0,21170.985
BRA,2014,220920757240.0,240763369929.0,21398.583
BRA,2015,186774916313.0,180457442154.0,20761.874
BRA,2016,179526127510.0,145247873733.0,19176.377
BRA,2017,214988108353.0,165855231418.0,18869.151
BRA,2018,231889523399.0,192840115910.0,18822.398
BRA,2019,221126807647.0,193162004038.0,19126.112
BRA,2020,209180241655.0,166336211575.0,17525.702
BRA,2021,280814577460.0,234690442199.0,18814.079
BRA,2022,334463079195.0,292343725728.0,19976.585
BRA,2023,339695766008.0,252710460140.0,19946.224
BRA,2024,337036275422.0,277549212918.0,20651.916
BRB,2018,457709750.5,1599911169.0,23.368
BRB,2019,444085369.0,1580842477.0,21.139
BRB,2022,497818698.0,2151007541.5,20.207
BRB,2023,475842549.0,2142606689.0,20.102
BRN,2014,10508832881.0,3598739678.0,33.934
BRN,2017,5570575213.765,3084533899.581,30.139
BRN,2018,6573636942.628,4164052430.832,39.146
BRN,2019,7039083085.75,5102674118.71,46.034
BRN,2020,6608177852.1,5342500814.64,51.435
BRN,2021,11058184373.01,8574738526.0,50.051
BRN,2022,14230238311.502,9183899326.299,45.2
BRN,2023,11240624705.271,7484472312.892,44.319
BTN,2011,452962797.0,1051747355.0,29.8
BTN,2012,531227039.0,991702621.0,12.046
BWA,2006,4506181889.0,3053297737.0,81.695
BWA,2010,4677029477.357,5089896388.313,101.528
BWA,2019,5312907010.645,6657430605.349,133.968
BWA,2020,4376456237.842,6605141603.255,127.849
BWA,2021,7474891657.999,8462769246.193,128.451
BWA,2022,8414813595.923,8114914546.663,123.776
BWA,2023,5502716523.754,6417467724.96,136.936
CAN,2009,315176831385.0,321227567706.0,3393.9
CAN,2010,386579899704.0,392108702461.0,3421.2
CAN,2011,450430007647.0,450579509089.0,3500.2
CAN,2012,454098967492.0,462366181402.0,3566.4
CAN,2013,456598271021.0,461785073454.0,3586.3
CAN,2014,475177176344.0,463088976833.0,3586.0
CHE,2000,92386894676.788,93919141994.646,848.001
CHE,2001,93341284648.937,95326742664.972,875.215
CHE,2002,101271489422.947,98883596332.314,826.945
CHE,2003,115352204966.545,112998130688.697,802.674
CHE,2004,137795773164.55,127467682066.769,803.294
CHE,2005,149887649349.129,147127287946.711,805.465
CHE,2006,166455125817.675,164051741970.655,829.641
CHE,2007,196482243769.486,189180898933.481,840.502
CHE,2008,236386210962.584,229879374828.881,848.742
CHE,2009,204304593917.616,207696126590.472,944.453
CHE,2010,195609280170.0,176280625555.0,928.409
CHE,2011,234819262335.0,208219897633.0,941.954
CHE,2012,312256653968.266,295054504994.728,938.375
CHE,2013,357909509746.176,321053933867.248,951.106
CHE,2014,311292919173.075,275354608588.854,943.033
CHE,2015,289629055115.219,251189810218.734,939.19
CHE,2016,302499429349.082,269279966266.047,946.471
CHE,2017,299331427818.625,267493892985.607,949.111
CHE,2018,310523862211.195,278671370444.363,954.146
CHE,2019,313685932750.639,276388086970.536,959.813
CHE,2020,318580420583.977,290402110277.216,958.747
CHE,2021,379770927042.891,323356086951.794,948.165
CHE,2022,400057174592.488,356235312307.771,952.269
CHE,2023,419922543423.509,365372487609.004,963.056
CHE,2024,446304800824.052,368996874810.408,966.214
CHL,2000,18214503759.0,16619725987.0,1347.39
CHL,2003,21746916120.53,19154295868.551,1433.734
CHL,2006,59515580670.26,38886999289.959,1647.158
CHL,2009,55620204938.705,42707174882.728,1449.536
CHL,2010,71419914497.583,58865312726.434,1680.508
CHL,2011,81857173311.667,74757795765.898,1790.091
CHL,2012,78283508361.609,80001192427.961,1877.212
CHL,2013,77069413216.839,79259469821.108,1940.199
CHL,2014,75343198548.585,72846757656.835,1932.018
CHL,2015,62118220376.333,62318853350.232,1976.708
CHL,2016,60768690454.603,59284693229.218,1930.099
CHL,2017,68903578704.28,65168267859.466,1946.804
CHL,2018,74837981347.413,74611747376.92,1961.253
CHL,2019,68792008183.082,69854853685.708,1989.416
CHL,2020,74080745459.905,59200756086.71,1722.523
CHL,2021,94676809206.281,92190957181.481,1906.386
CHL,2022,98557005169.484,104606443691.235,2019.744
CHL,2023,94935525007.931,85505142449.355,2002.615
CHL,2024,99093542747.754,84292473513.507,2012.751
CHN,2000,249202551015.0,225093731030.0,115079.8
CIV,2016,10776851158.291,8581376965.195,663.141
CIV,2017,12445558550.241,9613803703.644,964.184
CIV,2019,12717851545.967,10482560553.171,928.781
CIV,2022,16428707005.015,17888544321.56,1572.329
CMR,2005,2848654871.0,2800069293.0,374.12
CMR,2007,4230114715.0,3265622486.0,897.965
CMR,2014,5159519529.0,7561138520.0,1185.813
CMR,2021,4294055976.357,6966293016.781,1332.681
COG,2009,8201529531.0,4447112560.0,123.864
COL,2002,11897488381.0,12689965006.0,3095.634
COL,2003,13092218069.0,13880612940.0,3165.833
COL,2004,16729677706.0,17099536992.0,3306.788
COL,2005,21190438735.0,21204162067.0,3379.064
COL,2007,29991332000.0,32897045325.0,3682.951
COL,2008,37625882065.0,39668840245.0,3457.969
COL,2009,32852985837.0,32897671468.0,3620.608
COL,2010,39819528642.0,40682507646.0,3681.692
COL,2011,56953516086.0,54674822113.0,3929.431
COL,2012,60273618168.0,58087854461.0,4044.276
COL,2013,58821869987.0,59381196537.0,3883.03
COL,2014,54794812015.0,64027609808.0,4019.903
COL,2015,35690766593.0,54035533653.0,4059.22
COL,2016,31044991243.0,44831142874.0,3987.052
COL,2017,37766321060.03,46050188812.5,4063.416
COL,2018,41831520220.79,51230566648.01,4180.847
COL,2019,39489359461.99,52695881703.65,4269.93
COL,2020,31055810659.54,43487464166.34,3793.592
COL,2021,41389989047.59,61098589560.05,4178.606
COL,2022,56910136647.72,77410016061.06,4478.025
COL,2023,49769114432.38,62780546566.77,4555.57
COM,2004,7907489.0,64955218.0,17.531
COM,2014,25676665.986,192566352.617,33.02
COM,2021,34222278.682,326486668.102,34.108
CPV,2009,171304150.0,671026523.0,29.565
CPV,2015,66829277.226,603429928.609,22.599
CPV,2017,49935302.538,793599019.462,44.63
CPV,2018,75270566.06,814604296.77,42.531
CPV,2019,344727131.679,1390725479.84,44.89
CRI,2001,4715789488.0,6272271371.0,358.588
CRI,2002,4950400241.0,6894261958.0,352.912
CRI,2003,5800403559.0,7388170418.0,361.739
CRI,2004,5952582116.0,8003129239.0,361.752
CRI,2005,7150688305.0,9173270268.0,379.409
CRI,2006,7254865615.0,11070461479.0,394.068
CRI,2007,8927618673.0,12757849001.0,425.169
CRI,2008,9744538493.0,15289400229.0,437.999
CRI,2009,8836344677.0,11550460954.0,407.268
CRI,2010,9044840676.0,13920243832.0,371.046
CRI,2011,10222241025.0,18263804971.0,350.476
CRI,2012,11250803893.0,18355992786.0,360.352
CRI,2013,11472063524.0,18124469250.0,333.276
CRI,2014,11242661045.0,17184912679.0,364.107
CRI,2015,9578337782.0,15504422756.0,393.406
CRI,2016,9907873818.0,15321512292.0,370.539
CRI,2017,11296640428.739,16352350364.383,375.952
CRI,2018,11251781448.19,16563019255.69,413.845
CRI,2019,11451993076.87,16106274382.32,407.315
CRI,2020,11622755153.42,14456129003.0,364.424
CRI,2021,14345395565.22,18428113840.58,370.52
CRI,2022,15319695069.468,21140329929.564,422.606
CRI,2023,18105904673.666,22512106218.479,435.175
CYM,2013,,929345169.0,5.592
CYM,2015,,915454381.0,5.063
CYP,2000,980554638.0,3846316785.0,69.821
CYP,2001,997160970.0,3924683234.0,73.336
CYP,2002,837007019.0,4083302536.0,73.097
CYP,2003,923135055.0,4466429464.0,74.823
CYP,2004,1171483862.0,5730420745.0,81.09
CYP,2005,1546373415.0,6382106088.0,83.692
CYP,2006,1414865802.0,7045698860.0,80.907
CYP,2007,1486412281.0,8748906634.0,85.112
CYP,2008,1713315359.0,10849019023.0,88.231
CYP,2009,1350948810.0,7933397121.0,83.56
CYP,2010,1506457953.0,8644721987.0,80.636
CYP,2011,1954770383.0,8788557849.0,83.218
CYP,2012,1826017361.0,7376933504.0,77.703
CYP,2013,2136943890.036,6414917073.967,64.117
CYP,2014,3259080173.005,8064569187.511,59.916
CYP,2015,3358859967.648,7138844108.848,58.119
CYP,2016,3004338839.417,7877434972.093,61.903
CYP,2017,3353324376.736,9281685174.54,64.715
CYP,2018,5089773797.487,10862975741.226,66.79
CYP,2019,3520898851.704,9179162776.815,76.777
CYP,2020,3137095808.171,8728558940.7,81.431
CYP,2021,4006767112.808,10319375229.352,77.344
CYP,2022,4411253801.017,11888671300.904,77.299
CYP,2023,5067129604.032,14000932175.937,77.411
CZE,2007,120900492192.0,116822197474.0,1812.069
CZE,2008,146087028735.0,141833835988.0,2027.207
CZE,2009,112884321338.0,104849536210.0,1903.079
CZE,2010,132140913815.0,125690657757.0,1855.67
CZE,2011,162391721227.0,150813415501.0,1873.29
CZE,2012,156422742613.0,139726823793.0,1864.25
CZE,2013,161524152111.0,142525808089.0,1851.906
CZE,2014,174279451675.0,153225461484.0,1892.148
CZE,2015,157194122601.0,140716185564.0,1917.026
CZE,2016,162087332190.0,142327655949.0,1956.085
CZE,2017,182231360523.0,162898931578.0,1986.872
CZE,2018,202521577709.0,184924023432.0,1984.95
CZE,2019,199469710335.0,179273065047.0,1975.4
CZE,2020,192307379805.0,171440208263.0,1949.832
CZE,2021,227168411022.0,212480637162.0,1921.392
CZE,2022,241689131117.0,236320011363.0,1907.221
CZE,2023,253327521218.0,228913298532.0,1847.263
DEU,2000,549606741000.0,500830026000.0,12179.631
DEU,2001,571426720000.0,486022068000.0,11973.955
DEU,2002,615997391000.0,490450056000.0,11740.755
DEU,2003,748531267000.0,601761022000.0,11272.78
DEU,2004,911742096000.0,718150018000.0,11083.029
DEU,2005,977131972000.0,779819058000.0,10846.45
DEU,2006,1121962887000.0,922213393000.0,11108.528
DEU,2007,1328841354000.0,1059307813000.0,11526.365
DEU,2008,1457462950353.873,1192581758828.271,11348.122
DEU,2009,1125844047764.623,928891172150.158,11104.696
DEU,2010,1267743108880.736,1060672352047.814,10857.911
DEU,2011,1483802558038.426,1261588484277.217,10712.552
DEU,2012,1410146320662.183,1161247823737.51,11031.827
DEU,2013,1450937515315.424,1187301533128.977,10946.924
DEU,2014,1498238432429.606,1214915241976.313,11207.089
DEU,2015,1328500248528.884,1057535853584.251,11116.882
DEU,2016,1337236557704.334,1060882070132.76,11290.895
DEU,2017,1430536200992.758,1119617190542.96,11419.6
DEU,2018,1562418816337.222,1292726052270.048,11460.202
DEU,2019,1493267430847.512,1239895409104.581,11509.243
DEU,2020,1385852259832.315,1173167331768.128,11267.732
DEU,2021,1635599573787.609,1424674986141.296,11321.097
DEU,2022,1686141996013.135,1588852981506.719,11318.74
DEU,2023,1697350367390.709,1469328942496.729,11367.12
DNK,2000,49102286748.0,44533303695.0,685.961
DNK,2001,50973842380.0,44625173798.0,688.481
DNK,2002,55673560165.0,49284928743.0,642.069
DNK,2003,64614226301.0,56227253873.0,624.715
DNK,2004,74740558446.0,66845208976.0,648.269
DNK,2005,82278145320.0,72715727008.0,656.547
DNK,2006,90886573242.0,84131166534.0,653.745
DNK,2007,101957401495.0,97422845558.0,658.365
DNK,2008,116271811024.0,109008153707.0,652.592
DNK,2009,92090687343.0,80096730483.0,559.003
DNK,2010,96216730270.0,82724280372.0,528.425
DNK,2011,112713338879.0,96008493220.0,532.45
DNK,2012,106104022220.0,91325521622.0,522.243
DNK,2013,110469532387.0,97251542755.0,516.726
DNK,2014,110748921250.0,99567827973.0,514.783
DNK,2015,94618816682.0,85327361281.0,524.61
DNK,2016,94729013059.722,84427760620.177,520.981
DNK,2017,101348491314.473,91982268360.238,523.09
DNK,2018,108521449414.015,101699638355.39,534.494
DNK,2019,109879084449.464,97006756563.178,531.868
DNK,2020,106871154269.253,95778398378.87,537.113
DNK,2021,125384921851.411,120259538817.4,560.326
DNK,2022,129811333849.761,127078113543.365,569.087
DNK,2023,136074397804.553,126396956198.363,579.381
DOM,2001,814348992.0,5496743936.0,711.212
DOM,2002,5377227475.915,9643058427.834,671.734
DOM,2003,5586989153.443,8263681758.526,687.389
DOM,2004,6030254851.0,8557731837.549,735.883
DOM,2005,6287330823.0,10575285810.577,731.03
DOM,2006,6793936081.0,14226532771.348,753.557
DOM,2007,7247124158.02,14737662590.922,777.473
DOM,2008,6859135335.59,17509468500.462,762.454
DOM,2009,5529039583.204,13165668011.332,634.082
DOM,2010,4766733677.0,15138222512.0,670.026
DOM,2011,6112524200.0,18156132539.0,683.13
DOM,2012,7168472222.0,17430206196.0,713.068
DOM,2013,7960984484.0,17844950988.0,661.396
DOM,2014,9927795973.883,19171386344.365,714.236
DOM,2015,9388736572.2,18686637184.375,755.53
DOM,2016,9785186239.738,19284430508.355,810.249
DOM,2017,10224658400.085,19559015612.619,851.172
DOM,2018,10758010743.568,20349363184.119,889.173
DOM,2019,11287199331.899,21983287128.894,877.897
DOM,2020,9844071155.726,17100579284.989,855.203
DOM,2021,11643220004.19,24186670739.513,922.786
DOM,2022,9836347238.656,26760023728.204,911.911
DOM,2023,11931953786.046,31341173294.242,927.305
DZA,2014,60387689304.0,58618080185.0,5278.0
ECU,2001,4647491551.0,5362914097.0,1134.949
ECU,2003,6038498705.0,6534347692.0,985.052
ECU,2004,7606121136.0,7861034225.0,1008.55
ECU,2005,9869356995.0,9608701206.0,1024.784
ECU,2006,12727796058.0,12113558389.0,1126.507
ECU,2007,13800363526.0,13565297222.0,1121.476
ECU,2008,18818325454.0,18851930298.0,1149.074
ECU,2009,13863049882.0,15089885150.0,1152.23
ECU,2010,17489921736.0,20590848480.0,1135.844
ECU,2011,22342523911.0,24286061051.0,1124.351
ECU,2012,23852016735.0,25196517284.0,1139.896
ECU,2013,24957644407.0,27064498727.0,1277.396
ECU,2014,25724432491.0,27518177870.0,1353.813
ECU,2015,18330607692.0,21387292074.0,1405.855
ECU,2016,16797664624.0,16188692759.0,1393.534
ECU,2017,19092352242.561,19844243617.71,1440.849
ECU,2018,21651955550.406,23177496854.698,1441.017
ECU,2019,22329378718.518,22564309274.124,1351.853
ECU,2020,20355361438.694,17917997364.652,1121.718
ECU,2021,26699199844.372,25687187046.213,1337.783
ECU,2022,35380361707.0,33048920968.5,1413.861
ECU,2023,31126424076.3,30895673812.6,1416.487
ECU,2024,31558096621.268,29489750199.383,1371.873
EGY,2009,24213370744.062,45429547205.986,5452.193
EGY,2010,26331836029.0,53003406057.0,6039.123
EGY,2011,31582438765.0,62282016834.0,5490.381
EGY,2012,29417005557.0,69865551868.0,5857.538
EGY,2013,28779409063.0,66666448662.0,5780.488
EGY,2015,21858773824.971,73998025065.793,6215.31
EGY,2016,22973368854.395,70670153153.47,6459.913
EGY,2017,26434038479.942,66767508579.595,6904.967
EGY,2018,29303872573.375,81909517664.928,6980.642
EGY,2019,30505251683.552,76514916839.344,7452.74
EGY,2020,29322919594.784,70436788934.938,7445.818
EGY,2021,43636851989.261,89206204635.236,7691.31
EGY,2022,52115727913.297,96188945660.129,7990.935
EGY,2023,42051584005.016,83158877621.271,8435.996
ESP,2000,114336007725.799,155962978686.433,4759.92
ESP,2001,116148836649.149,154992565305.55,5057.614
ESP,2002,125854970221.893,165878871221.885,5204.268
ESP,2003,159583502921.667,212887922298.586,5351.4
ESP,2004,180375685449.519,256792626606.645,5442.931
ESP,2005,192787684235.363,289584862422.437,5679.57
ESP,2006,213990071795.937,329796206325.133,5829.082
ESP,2007,253778450063.388,391306613821.525,5991.052
ESP,2008,279197236819.529,418707464845.608,5654.034
ESP,2009,223097750727.374,287479841518.981,4678.672
ESP,2010,247565705857.749,318163804073.598,4342.359
ESP,2011,299207388481.339,366058447245.896,3947.682
ESP,2012,290680282207.518,331680209906.574,3638.241
ESP,2013,313106419630.529,335251391809.174,3448.028
ESP,2014,319651825040.681,352758967443.259,3328.472
ESP,2015,276958511714.4,304708110644.925,3627.868
ESP,2016,283761065862.3,302931264697.779,3611.763
ESP,2017,311953394805.861,341650733518.127,3772.008
ESP,2018,346064315051.142,391056705310.092,3917.828
ESP,2019,337202601407.811,375470067282.007,4047.532
ESP,2020,312080513421.152,329738801365.615,3995.601
ESP,2021,391558519476.67,426059816727.044,4099.934
ESP,2022,424286054809.902,499055069367.492,4204.166
ESP,2023,420169591002.546,469043091352.087,4242.109
ESP,2024,403702939155.814,451303134202.679,4350.676
EST,2000,3829703514.0,5051531691.0,205.062
EST,2001,3996831790.0,5207843491.0,196.519
EST,2002,4341041344.0,5864475519.0,175.356
EST,2003,5629181510.0,7944175480.0,183.034
EST,2004,6525925372.0,9057513701.45,205.116
EST,2005,8245446243.67,11015567284.48,209.596
EST,2006,10040854714.63,14648001173.59,218.447
EST,2007,11738645631.26,16651316089.67,230.8
EST,2008,13698897452.38,17333687250.34,230.94
EST,2009,10446001821.23,11336418148.55,186.433
EST,2010,12811364478.0,13196568155.0,171.947
EST,2011,18139131426.0,18963366160.0,195.504
EST,2012,18161223711.0,20070375616.0,191.107
EST,2013,18284136368.0,20186202053.0,187.905
EST,2014,17465559809.0,20184649524.0,188.135
EST,2015,13907609950.0,15731849158.0,197.481
EST,2016,13967429425.785,15682263347.61,192.465
EST,2017,15387735462.712,17372913325.616,195.455
EST,2018,17851477710.699,19826320836.843,197.992
EST,2019,16807408470.226,18669106128.528,194.532
EST,2020,16901599064.09,17764140292.59,192.2
EST,2021,22303230971.07,24203348934.94,189.86
EST,2022,23600194188.92,27535703192.88,194.794
EST,2023,20108196603.0,23437466334.43,191.606
ETH,2005,1011229585.986,4454732235.817,1968.085
ETH,2013,1866995119.134,12076122101.602,2984.858
ETH,2021,3057628826.59,15284934933.46,2336.503
FIN,2000,45474931211.0,33886398313.0,660.136
FIN,2001,44300007648.0,33267927177.0,648.749
FIN,2002,44517737827.0,33440047097.0,651.781
FIN,2003,52509302880.0,41593247970.0,638.288
FIN,2004,60918355298.0,50678021636.0,619.301
FIN,2005,65238316354.0,58472542339.0,626.256
FIN,2006,77279102962.0,69427442555.0,631.22
FIN,2007,89798884876.0,81576271859.0,650.455
FIN,2008,96896070517.0,92189842878.0,634.165
FIN,2009,62860482542.0,60830316844.0,573.047
FIN,2010,70116501475.0,68767143783.0,586.458
FIN,2011,78794218004.0,83861658166.0,571.45
FIN,2012,72974489144.0,76089021011.0,559.77
FIN,2013,74445385637.0,77587001767.0,546.332
FIN,2014,74338833529.0,76773254674.0,559.308
FIN,2015,59682311206.0,60174387730.0,513.38
FIN,2016,57325871718.0,60501949554.0,544.065
FIN,2017,67280640848.379,70100319875.007,539.126
FIN,2018,75258290459.809,78352161411.624,556.468
FIN,2019,72839176013.257,73719857019.413,554.946
FIN,2020,65606975840.161,68266522010.137,532.928
FIN,2021,81500265209.305,86263574423.987,560.75
FIN,2022,86228240180.829,97374453184.738,548.307
FIN,2023,82567752672.758,83093614764.398,561.272
FJI,2005,701701255.0,1607296081.0,65.561
FJI,2011,1069470694.0,2181871998.0,50.769
FJI,2014,1373264431.0,3250463580.0,45.186
FJI,2016,922037487.006,2301660539.769,46.357
FRA,2000,295345419474.0,303757850581.0,6072.914
FRA,2001,289599104778.0,293865640535.0,6162.874
FRA,2002,304891879379.0,303831441914.0,6065.175
FRA,2003,358131717318.0,362517303508.0,5894.095
FRA,2004,413708421587.0,434241852984.0,5941.432
FRA,2005,434354245109.0,475856799498.0,5817.131
FRA,2006,479012852041.0,529902263137.0,5900.541
FRA,2007,539730711536.0,611364435458.0,5869.035
FRA,2008,594504995007.0,695004283255.0,5991.387
FRA,2009,464112810974.0,540502282883.0,5787.393
FRA,2010,511651042741.0,599171506084.0,5695.422
FRA,2011,585723823817.0,713675253798.0,5682.501
FRA,2012,558460545476.0,666675230977.0,5588.412
FRA,2013,567987697540.0,671253553277.0,5449.387
FRA,2014,566656165381.0,659872076384.0,5360.736
FRA,2015,493941214224.0,563398247561.0,5317.426
FRA,2016,488885072443.0,560554862702.0,5325.104
FRA,2017,523385133284.496,613132639717.873,5404.327
FRA,2018,568535879844.931,659374522338.024,5388.905
FRA,2019,556364114008.325,643208112669.297,5451.185
FRA,2020,487987460594.82,580805912500.151,5315.216
FRA,2021,585395916302.973,715858934243.614,5294.147
FRA,2022,618298750164.703,819397544527.594,5389.376
FRA,2023,640201369780.317,777131874767.305,5453.964
GBR,2000,294899046600.0,374702690648.0,6843.934
GBR,2001,279425458536.0,358702944795.0,6765.179
GBR,2002,285996254299.0,372059498514.0,6616.861
GBR,2003,312059899702.0,425369491041.0,6533.571
GBR,2004,355027953622.0,502886191564.0,6295.115
GBR,2005,392744018675.0,528460952104.0,6377.202
GBR,2006,458598557420.0,614811651266.0,6401.695
GBR,2007,454005489911.0,679917917606.0,6488.018
GBR,2008,482020961916.0,705344160844.0,6312.808
GBR,2009,359615540058.0,552042034589.0,5669.835
GBR,2010,422014118473.0,627617523093.0,5566.389
GBR,2011,517288693419.0,717606233152.0,5584.179
GBR,2012,481225753723.0,689137011265.0,5597.423
GBR,2013,548041853304.0,657222527853.0,5522.934
GBR,2014,511145442935.0,694344323261.0,4342.087
GBR,2015,466295682754.0,630251057548.0,5785.853
GBR,2016,411463355625.0,636367936193.0,5748.205
GBR,2017,441847324214.296,640907688603.23,5803.955
GBR,2018,490840363553.577,671694257766.444,5831.836
GBR,2019,468322416147.586,692494170352.687,5705.804
GBR,2020,395692086586.138,634174870301.665,5595.044
GBR,2021,470547786029.463,688236538506.736,5435.943
GBR,2022,535135287544.473,821631452550.547,5448.432
GBR,2023,521207222955.329,791657207072.251,5244.264
GBR,2024,512782017359.88,815431342071.743,5373.493
GEO,2009,1133629367.0,4475317732.0,164.497
GEO,2010,1677298831.0,5235753083.0,172.377
GEO,2011,2186407408.0,7071608599.0,179.248
GEO,2012,2376634360.0,8053871503.0,178.926
GEO,2013,2910581723.0,8022261386.0,176.95
GEO,2014,2861043297.84,8601807238.84,187.532
GEO,2015,2204174681.43,7304131181.5,190.222
GEO,2016,2117130707.57,7341675727.62,203.889
GEO,2017,2745659259.37,8057081812.77,224.745
GEO,2018,3379649512.54,9361234987.34,243.856
GEO,2019,3797965693.75,9518320313.89,240.964
GEO,2020,3340697557.13,8049010240.54,226.619
GHA,2000,1574112997.0,2900560530.0,1153.46
GHA,2006,3613993659.0,5328824601.0,1295.779
GHA,2010,5233153666.655,8052406866.744,1554.88
GHA,2013,12643899375.0,12787233399.0,1685.365
GHA,2015,13755564937.275,14687476669.332,1652.221
GHA,2017,14358509951.987,12718141844.093,2105.684
GHA,2021,14823232488.086,17848192165.582,1594.09
GHA,2022,17378757386.89,17962659788.548,2045.376
GIN,2014,1946667588.0,2509210143.0,459.22
GMB,2012,118765052.655,380338909.693,83.998
GMB,2018,11428464.874,466239674.069,56.287
GMB,2023,83449801.594,2447864236.075,115.888
GNB,2018,244798758.114,165737266.64,37.926
GRC,2000,10847422723.0,29486860105.0,927.088
GRC,2001,10402391191.0,28434455939.0,963.895
GRC,2002,10327361391.0,31299036006.0,969.79
GRC,2003,13655065868.0,44854519863.0,980.606
GRC,2004,15246705800.0,52810385204.0,976.644
GRC,2005,17434446631.0,54893897323.0,989.678
GRC,2006,20942761761.0,63738963855.0,996.686
GRC,2007,23504156356.0,76099246073.0,1023.685
GRC,2008,31127436552.0,94347055932.0,1023.937
GRC,2009,24236625001.0,71538438052.0,961.686
GRC,2010,27585695544.0,66452642920.0,858.75
GRC,2011,33377038760.0,66692056018.0,716.425
GRC,2012,35151146150.0,62504427046.0,609.854
GRC,2013,36261644044.0,61148119836.0,545.59
GRC,2014,35755371471.0,62180636372.0,528.997
GRC,2015,28289236579.0,47263979668.0,538.825
GRC,2016,27810924841.0,47595035419.0,559.29
GRC,2017,32154816405.638,55300597553.13,577.575
GRC,2018,39490521437.854,65141447585.19,533.079
GRC,2019,37885526504.371,62198045283.381,542.4
GRC,2020,35070461605.836,55533637799.335,537.144
GRC,2021,47244277316.697,77285028307.198,600.078
GRC,2022,57568024971.028,97970295871.644,643.499
GRC,2023,55051586783.705,88606155533.414,668.523
GRC,2024,53357148958.598,89273160391.125,698.9
GRD,2018,37746085.587,514805692.972,10.02
GRD,2019,34481186.833,479834567.646,38.717
GRD,2020,24620482.71,394551606.009,7.753
GRD,2021,35163394.409,446676290.664,20.054
GRD,2023,46055094.055,608759031.293,7.133
GTM,2002,2461566066.0,6300633464.0,922.905
GTM,2003,2634520456.0,6721524007.0,1045.643
GTM,2004,2928354419.0,7811604776.0,897.207
GTM,2006,3198083858.0,9539736283.0,835.421
GTM,2010,8460152695.0,13830314124.0,1141.024
GTM,2011,10161041018.0,16610813629.0,1061.281
GTM,2012,10124387112.0,16978685968.0,1180.77
GTM,2013,10065328599.0,17503977537.0,1046.917
GTM,2014,10890690739.0,18263243838.0,1179.203
GTM,2015,10677394462.0,17637088553.0,1179.128
GTM,2016,10591329598.0,16978677827.0,1360.505
GTM,2017,11011391397.0,18377914375.0,1270.877
GTM,2018,10863483936.0,19643972138.0,1320.878
GTM,2019,11289176124.0,19870650527.0,1353.844
GTM,2021,13735599195.0,26593808327.0,1598.27
GTM,2022,15806152176.0,32099063169.0,1527.227
GTM,2023,14261032628.0,30277974452.0,1754.787
GUY,2018,1379502041.99,2400147336.232,62.568
GUY,2019,1565723059.929,4025139265.307,58.67
HKG,2009,329421934952.0,352240745198.0,412.4
HKG,2010,400692015208.0,441369197518.0,421.149
HKG,2011,455573380134.0,510854737709.0,434.068
HKG,2012,492907471544.0,553486468741.0,447.448
HKG,2013,535186742965.0,621416867628.0,458.727
HKG,2014,524064898602.0,600613065837.0,462.285
HKG,2015,510552778635.197,559305500094.066,455.224
HKG,2016,516588130933.053,547124448110.539,472.118
HKG,2017,549861455213.314,589317440320.894,475.677
HKG,2018,569105739731.116,627327030842.157,479.687
HKG,2019,535711018905.075,578590151014.665,468.975
HKG,2020,551515755924.627,573061309610.599,438.543
HKG,2021,670926079457.053,713173047238.355,443.016
HKG,2022,610138354261.109,668483049171.977,449.09
HKG,2023,575044377645.823,654823993479.313,462.067
HKG,2024,639410554297.753,697903873840.051,462.725
HND,2005,1294424886.0,4419363283.0,594.939
HND,2006,1879660736.0,4920567258.0,571.392
HND,2007,2391439379.0,6530362643.0,587.652
HND,2009,2595325387.0,5922937552.0,616.884
HND,2010,3103682949.0,6895088284.0,588.059
HND,2011,3533561031.0,8541778594.0,611.271
HND,2012,4696173655.0,8646775792.0,620.515
HND,2014,4533347641.0,7983626391.0,728.295
HND,2015,4201473381.0,8380670716.0,758.081
HND,2016,4084641916.0,7912040654.0,758.026
HND,2017,4970144395.98,8612241191.98,758.431
HND,2018,4486630182.17,9427941451.99,791.887
HND,2019,3091163099.23,9156168376.85,819.743
HND,2020,4666296436.43,7971717667.73,855.533
HND,2021,4975948988.14,11630877995.9,901.459
HND,2023,7170970774.39,14380533411.63,804.054
HRV,2002,4903584487.0,10722045127.0,453.437
HRV,2003,6186630195.0,14209034610.0,464.94
HRV,2004,8024156751.0,16589172476.0,469.026
HRV,2005,8772552653.0,18560366869.0,450.117
HRV,2006,10376964369.0,21502493972.0,465.185
HRV,2007,12360221564.0,25829460931.0,531.072
HRV,2008,14123674785.0,30726986737.0,546.098
HRV,2009,10491835496.0,21204851207.0,509.611
HRV,2010,11810676241.0,20067004556.0,463.675
HRV,2011,13364022440.0,22714694002.0,453.699
HRV,2012,12368983411.0,20834262292.0,426.282
HRV,2013,12741618485.0,21931993510.0,410.759
HRV,2014,13843899840.0,22906873370.0,412.431
HRV,2015,12843529322.0,20580470841.0,412.413
HRV,2016,13647534058.0,21829864971.0,411.755
HRV,2017,15770990558.0,24608731979.0,406.76
HRV,2018,17210469290.0,28113089203.0,429.276
HRV,2019,17063049815.0,28004414329.0,437.558
HRV,2020,16991280298.0,26095988209.0,437.518
HRV,2021,21827948964.0,33735256498.0,450.283
HRV,2022,25383044646.0,44114930019.0,443.321
HRV,2023,24670430758.0,42552636805.0,441.415
HUN,2000,28092242000.0,32080002000.0,1285.634
HUN,2001,30497719000.0,33681734000.0,1328.338
HUN,2002,34336583000.0,37611572000.0,1320.34
HUN,2003,43003656000.0,47674542000.0,1310.461
HUN,2004,55468212000.0,60248602000.0,1282.955
HUN,2005,62271839000.0,65919579000.0,1267.039
HUN,2006,74055406000.0,76978511000.0,1269.623
HUN,2007,94590870000.0,94659727000.0,1268.717
HUN,2008,108211166000.0,108784724000.0,1240.062
HUN,2009,82571847000.0,77272443000.0,1167.684
HUN,2010,94748737000.0,87432095000.0,1145.989
HUN,2011,111216834000.0,101369997000.0,1159.241
HUN,2012,102829804313.0,94300664567.0,1140.199
HUN,2013,108014637456.0,99295902335.0,1163.746
HUN,2014,112536243771.0,104178438000.0,1246.11
HUN,2015,100296847323.0,90760850877.0,1274.958
HUN,2016,103009508296.0,92209667137.0,1323.512
HUN,2017,113496741513.0,104394044411.0,1393.769
HUN,2018,123957885048.0,117381592676.0,1447.804
HUN,2019,122180657695.0,117324011167.0,1444.622
HUN,2020,119970720482.0,113422659451.0,1413.185
HUN,2021,141157091681.0,139132012128.0,1449.008
HUN,2022,149934114714.0,159334561983.0,1465.171
HUN,2023,158075487057.0,148897653940.0,1461.822
IDN,2007,114100872803.0,74473428731.0,18790.808
IDN,2008,137020424402.0,129244050291.0,18852.017
IDN,2009,116509991781.0,96829162576.0,19139.987
IDN,2010,157779103470.0,135663280214.0,20100.029
IDN,2012,190031839234.0,191690908079.0,23922.31
IDN,2013,182551754383.0,186628630620.0,23960.061
IDN,2014,176036194332.0,178179340198.0,24904.59
IDN,2015,150366281305.0,142694802188.0,25968.576
IDN,2016,144489796418.0,135652799792.0,25966.47
IDN,2017,168827554042.584,156985501122.0,27033.441
IDN,2019,167682995133.224,171275708684.0,29409.844
IDN,2020,163191837310.626,141568761235.0,28251.638
IDN,2021,231522458128.8,196189955586.0,28402.621
IDN,2022,291979090608.0,237447040339.0,29567.325
IDN,2023,258774386644.997,221886212479.0,30565.877
IND,2010,220408495991.0,350029386927.0,83757.228
IND,2018,322492099897.02,507615733027.083,88115.752
IND,2019,323250726424.72,478883729111.406,95942.189
IND,2020,275488744927.546,367980363479.684,91691.611
IND,2021,394813673347.297,570402004491.755,99435.749
IND,2022,452684213646.747,732565993392.928,116195.21
IND,2023,431411977211.3,672140129635.882,118109.251
IND,2024,434435484213.94,697745120144.984,122489.102
IRL,2000,77604937547.06,50777507414.831,475.685
IRL,2001,83051473511.415,50553766054.587,498.09
IRL,2002,88827858299.296,52036268304.831,487.226
IRL,2003,93385771209.593,54853985116.16,497.494
IRL,2004,105611806389.428,64095876093.154,506.496
IRL,2005,108419104091.52,72698221612.665,536.609
IRL,2006,109859599425.298,80142838294.478,555.855
IRL,2007,124137318093.813,90358249623.834,570.017
IRL,2008,130165871250.82,87236004978.04,510.113
IRL,2009,122162041907.299,67224753607.346,398.616
IRL,2010,120538527500.036,64543486889.263,346.676
IRL,2011,129708688826.933,73810486792.481,328.731
IRL,2012,120208957761.425,72218451770.677,318.893
IRL,2013,118443466078.486,74086931602.247,333.585
IRL,2014,123039871722.412,82574059677.158,343.512
IRL,2015,124717363772.617,77786786409.709,371.455
IRL,2016,132044712189.116,82234102761.896,394.209
IRL,2017,138707447691.473,93692995615.495,411.902
IRL,2018,166095221558.803,108630984230.971,423.24
IRL,2019,170757988841.469,101888445882.655,434.709
IRL,2020,185185364985.075,99441600378.996,431.029
IRL,2021,195997875885.468,122740450772.83,464.462
IRL,2022,219836715126.171,148503448776.55,498.484
IRL,2023,212869514240.842,150611380483.634,470.278
IRN,2010,83785000000.0,54697235524.0,3538.03
IRN,2011,130543999999.0,68319000000.0,3444.366
IRN,2013,92122799945.3,48431894719.18,7268.413
IRN,2014,90328134766.57,52249794971.18,7158.965
IRN,2015,60040642108.7,40037159161.0,7117.6
IRN,2016,83148194183.54,42702117908.18,7151.398
IRN,2017,105844085748.94,51612276867.0,7445.063
IRN,2018,96617521276.16,41236168450.0,7591.481
IRN,2019,41923807584.178,43975567840.0,7755.269
IRN,2020,34409104811.6,38804577814.0,7742.781
IRN,2021,67271404932.41,52957971518.342,7924.43
IRN,2022,80900398251.8,58726180300.0,7958.682
ISL,2000,1900881302.0,2582983029.0,34.586
ISL,2001,2017107901.0,2279336835.0,36.135
ISL,2002,2229304922.0,2273536948.0,35.209
ISL,2003,2380474793.0,2826527967.0,34.059
ISL,2004,2889862538.0,3712831691.0,36.495
ISL,2005,3090525571.0,4978892568.0,34.559
ISL,2006,3453146167.0,5991114989.0,36.112
ISL,2007,4772043014.0,6689690644.0,36.577
ISL,2008,5355429839.0,6165928277.0,38.906
ISL,2009,4056961689.0,3603988709.0,32.282
ISL,2010,4603089478.0,3914349444.0,30.493
ISL,2011,5348791180.0,4845760241.0,30.724
ISL,2012,5063441687.0,4771916219.0,30.49
ISL,2013,4997710433.0,5019243432.0,32.168
ISL,2014,5051299749.0,5371918875.0,32.668
ISL,2015,4721984946.0,5285373474.0,32.662
ISL,2016,4449729754.0,5703240191.0,33.187
ISL,2017,4882605885.029,6970762505.194,33.816
ISL,2018,5561475841.127,7686033358.019,33.225
ISL,2019,5228360516.509,6579003950.047,35.044
ISL,2020,4580415490.226,5696680364.447,34.882
ISL,2021,5973742650.46,7838072416.615,37.197
ISL,2022,7403797369.088,9643942506.154,37.7
ISL,2023,6807539976.725,9470151445.814,40.073
ISR,2009,47934614000.0,47362724000.0,570.21
ISR,2010,58413028000.0,59193894000.0,587.146
ISR,2011,67796328000.0,73526105000.0,595.127
ISR,2012,63140635000.0,73112080000.0,568.658
ISR,2013,66781207000.0,71995022000.0,598.349
ISR,2014,68965008000.0,72331780000.0,615.056
ISR,2015,64062217000.0,62067788000.0,625.573
ISR,2016,60570596000.0,65802693000.0,638.348
ISR,2017,61150141000.0,69115976000.0,646.968
ISR,2018,61906412000.0,76584110000.0,646.776
ISR,2019,58488466000.0,76578559000.0,631.071
ISR,2020,50153246000.0,69260696000.0,603.028
ISR,2021,60159734000.0,92158602000.0,612.954
ISR,2022,72568881000.0,107757786000.0,636.74
ISR,2023,59915950506.0,83163005319.0,644.61
ITA,2000,238651235569.654,229908350603.466,6651.926
ITA,2001,242640592214.71,227985467695.24,6780.404
ITA,2002,252238686137.791,238776125368.843,6871.985
ITA,2003,296907925942.601,287131410182.162,7002.089
ITA,2004,350902540941.509,343206791698.459,6911.062
ITA,2005,370180742634.799,368545823161.19,6875.372
ITA,2006,416848746575.026,442545073900.701,6838.727
ITA,2007,499871158545.944,511651875761.251,6898.211
ITA,2008,542727534918.132,561898841078.626,6881.013
ITA,2009,406900260112.923,415096262104.568,6636.71
ITA,2010,446839829715.0,486984371949.0,6444.524
ITA,2011,523256296222.0,558831981537.0,6392.549
ITA,2012,501528850943.0,489104116138.0,6224.042
ITA,2013,518095102500.0,479336353444.0,6001.84
ITA,2014,529528733451.0,474082558910.0,5993.216
ITA,2015,456988625514.476,410933397835.203,5975.547
ITA,2016,461667625429.242,406670669866.631,5944.767
ITA,2017,507361399840.262,453548450658.717,5986.346
ITA,2018,549514772960.89,503134787802.294,5996.902
ITA,2019,537748428817.915,474957327527.243,5989.266
ITA,2020,498803831970.624,426475840328.677,5975.969
ITA,2021,615910260060.774,568202425245.631,6008.251
ITA,2022,659387209133.806,695235842853.138,6206.974
ITA,2023,677095229000.932,639928811605.276,6281.108
JAM,2008,2438809719.0,8465405058.0,211.599
JAM,2009,1316037052.0,5064255567.0,187.272
JAM,2010,1327601926.0,5225226738.0,174.335
JAM,2011,1622859783.0,6436591867.0,175.539
JAM,2012,1711790055.0,6580358184.0,168.006
JAM,2013,1569116558.0,6216155431.0,168.221
JAM,2014,1451889126.423,5835921443.603,168.519
JAM,2017,1309718443.496,5818098181.44,188.806
JAM,2021,1480709866.69,5970850078.167,207.197
JAM,2022,1901415818.93,7731213540.347,220.622
JAM,2023,2001802216.77,7592057989.91,247.152
JOR,2017,7469238450.779,20407329339.623,427.093
JOR,2018,7750262862.766,20309900969.304,422.555
JOR,2019,8312916561.205,19336708718.454,423.173
JOR,2020,7943244773.715,17006883406.656,416.933
JOR,2021,9356550020.494,21542434567.316,430.412
JOR,2022,12779806642.492,27364056976.33,454.108
JOR,2023,12589565487.821,25707802376.37,450.809
JPN,2000,479275540084.0,379708376255.0,19925.225
JPN,2001,403344076901.0,349291914271.0,19362.772
JPN,2002,416729388431.0,337613132781.0,18581.652
JPN,2003,472006874038.0,383465329855.0,18558.721
JPN,2004,565761136640.0,455253886201.0,18039.636
JPN,2005,594940865790.0,515866387675.0,17869.758
JPN,2006,646725058608.0,579063944637.0,18011.995
JPN,2007,714327036486.0,622243336430.0,18002.263
JPN,2008,781412163342.0,762533921120.0,17601.252
JPN,2009,580718733734.0,551984750861.0,16427.434
JPN,2010,769773832480.0,694059159975.0,15977.994
JPN,2011,823183758647.0,855380474182.0,15558.833
JPN,2012,798620022574.0,886031094485.0,15841.113
JPN,2013,715097244251.0,833166060724.0,15868.078
JPN,2014,690217466341.0,812184751778.0,15942.387
JPN,2015,624873508116.0,625568420678.0,15853.275
JPN,2016,644932439497.0,606924046814.0,15845.51
JPN,2017,698131223694.097,671920666787.755,16046.34
JPN,2018,738195054863.86,748525278186.958,15742.423
JPN,2019,705671082765.821,721077406256.171,15762.287
JPN,2020,641282568357.232,635402321812.275,15503.838
JPN,2021,757066261248.971,772276197103.327,15346.013
JPN,2022,746672096581.525,898599893774.247,15409.052
KEN,2019,5836255973.92,17210001018.47,2808.509
KEN,2021,6751366221.034,19594117729.988,2162.805
KEN,2022,7371116494.654,21100881275.088,1987.936
KGZ,2010,1488400507.0,3222635177.0,470.702
KGZ,2011,1978932373.0,4260687274.0,476.527
KGZ,2012,1683236842.0,5373176213.0,495.096
KGZ,2013,1773228304.0,5983024298.0,456.408
KGZ,2014,1819460143.0,5681474037.0,470.108
KGZ,2015,1441467621.0,4068083799.0,489.952
KGZ,2016,1423028427.0,3844473299.0,521.806
KGZ,2017,1757463670.0,4487291617.0,574.62
KGZ,2018,1835179371.0,5291945776.0,586.731
KGZ,2019,1986109552.0,4988946048.0,649.376
KGZ,2020,1863531157.0,3386672664.0,605.725
KGZ,2021,2752163636.0,5580186463.0,676.9
KGZ,2022,2254702312.0,9802959420.0,675.489
KHM,2000,1389454739.0,1438774687.0,439.283
KHM,2001,1499274357.0,1506907504.0,649.406
KHM,2003,2118223935.0,1774692299.0,899.53
KHM,2007,3531236905.0,3554841166.0,1037.379
KHM,2008,4358188285.0,4416653317.0,1106.411
KHM,2009,4992009584.0,3905714341.0,1208.082
KHM,2010,5590104093.0,4902523729.0,1270.255
KHM,2011,6704136957.0,6143333188.0,1350.557
KHM,2012,5796273596.0,7466708038.0,1816.794
KHM,2013,6665903101.0,8231539701.0,1595.378
KHM,2014,6846019309.0,9702422207.0,2025.176
KHM,2015,8542433639.0,10668923431.0,2149.597
KHM,2016,10069331577.0,12371008437.0,2307.085
KHM,2017,11278127964.01,14283414116.2,2320.126
KHM,2019,14824722293.27,20278818286.0,2132.076
KHM,2020,17716469497.94,19114264457.57,2320.405
KHM,2021,16949623220.01,25202224152.68,2477.686
KIR,2015,10008709.438,110729035.85,5.074
KIR,2020,9271010.438,108947111.892,1.83
KOR,2000,172267495379.0,160479262799.0,5977.91
KOR,2001,150430885651.0,141097085957.0,5956.742
KOR,2002,162466097148.0,152124371610.0,6096.596
KOR,2003,193817313718.0,178825838249.0,6148.254
KOR,2004,253844608908.0,224460924213.0,6160.625
KOR,2005,284418167174.0,261235582842.0,6084.947
KOR,2006,325457247330.0,309379478872.0,6064.038
KOR,2007,371477103604.0,356841657966.0,6073.363
KOR,2008,422003479066.0,435270540291.0,6010.801
KOR,2009,363531063379.0,323081674754.0,5797.577
KOR,2010,466380619660.0,425208007078.0,6005.698
KOR,2011,555208897965.0,524405223775.0,6090.924
KOR,2012,547854447999.0,519575597289.0,6131.055
KOR,2013,559618558899.0,515572970448.0,6267.919
KOR,2014,573074773090.0,525556977998.0,6471.203
KOR,2015,526753006361.0,436486934609.0,6664.224
KOR,2016,495417715559.0,406181944067.0,6668.784
KOR,2017,573627368937.0,478469167573.0,6769.85
KOR,2018,604807317420.0,535183373387.0,6759.704
KOR,2019,542171769089.0,503262910727.0,6666.243
KOR,2020,512419287526.0,467590776025.0,6630.902
KOR,2021,644372936752.0,615072659909.0,6710.164
KOR,2022,683550925677.0,731361419922.0,6869.832
KOR,2023,631804230615.0,642549800743.0,6817.473
KOR,2024,683127018292.0,631727134467.0,6760.706
LAO,2010,1908744656.0,1836634470.0,250.856
LAO,2017,4909733654.96,5159709477.1,246.972
LAO,2022,9563892088.125,7615873839.624,251.771
LBN,2019,3731340090.67,19239178794.25,326.134
LBR,2017,194668613.0,1286607965.0,39.906
LCA,2017,141655244.437,663692157.611,12.615
LCA,2018,116813983.63,672941162.65,11.468
LCA,2019,97255260.21,623792718.07,11.837
LCA,2020,67424831.6,532913977.08,7.861
LKA,2009,7121490779.0,9431850987.0,1910.314
LKA,2010,8304051802.0,12353707838.0,1864.538
LKA,2011,10011281529.0,19696479835.0,1819.571
LKA,2012,9369784036.0,17884922005.0,5608.926
LKA,2013,10004878922.0,17930809142.0,1927.193
LKA,2014,11295485897.0,19244461188.0,1971.841
LKA,2015,10439729662.0,18967230642.0,2018.171
LKA,2016,10545893296.0,19500757049.0,2097.503
LKA,2017,11741036786.088,21316199950.271,2331.494
LKA,2019,11974156365.942,19474314226.007,2258.421
LKA,2020,10706858044.323,15607090046.609,2152.746
LKA,2021,13331248583.322,21501894170.163,2109.482
LKA,2022,13592124433.48,17559536533.469,2158.199
LSO,2008,709878822.032,722806686.288,151.849
LSO,2019,894907477.401,1589484996.016,221.854
LTU,2000,3809411151.0,5456480316.0,380.063
LTU,2001,4583049510.0,6353270703.0,365.697
LTU,2002,5475632489.0,7709298630.0,388.866
LTU,2003,7162369874.0,9803621823.0,401.093
LTU,2004,9302608608.0,12379187104.0,402.856
LTU,2005,11781752803.0,15510441646.0,416.848
LTU,2006,14135189599.0,19388387912.0,422.55
LTU,2007,17162395776.0,24445067457.0,443.426
LTU,2008,23769895309.0,31294662543.0,435.51
LTU,2009,16496339312.0,18340632878.0,353.714
LTU,2010,20813922632.0,23378047393.0,306.419
LTU,2011,28068648237.0,31801287866.0,307.859
LTU,2012,29652662128.0,32237640017.0,319.995
LTU,2013,32599742784.0,34813224764.0,329.982
LTU,2014,32394296287.0,35217366877.0,326.111
LTU,2015,25411022244.0,28176441602.0,334.702
LTU,2016,25022652473.8,27391399189.67,342.212
LTU,2017,29888104257.8,32246872649.46,340.513
LTU,2018,33334576736.83,36501414404.61,354.227
LTU,2019,33150771896.81,35759415639.48,354.249
LTU,2020,32790372365.0,33313760619.0,344.487
LTU,2021,40698383278.78,44476452628.43,359.308
LTU,2022,46501899036.0,55110147908.0,365.536
LTU,2023,42625691925.0,48418282581.0,371.925
LUX,2000,7876174863.0,10592383579.0,37.54
LUX,2001,8259975150.0,11187657219.0,39.588
LUX,2002,8592956315.0,11528844484.0,37.768
LUX,2003,9987082177.0,13646402935.0,35.979
LUX,2004,12167836185.0,16771715410.0,35.427
LUX,2005,12714922011.0,17585502503.0,33.437
LUX,2006,14183095734.0,19640455309.0,32.578
LUX,2007,16197286679.0,22288700591.0,34.317
LUX,2008,17380796716.0,25498095369.0,30.884
LUX,2009,12542132517.0,18770617979.0,28.25
LUX,2010,13911259203.0,20399987741.0,28.642
LUX,2011,16307879411.0,25971633904.0,29.384
LUX,2012,13726902677.0,24284889959.0,29.34
LUX,2013,13826005986.0,23934080172.0,28.391
LUX,2014,14790882956.0,23850012349.0,27.131
LUX,2015,12625702669.0,19296337662.0,29.514
LUX,2016,12838381070.0,19123618193.0,28.232
LUX,2017,11532881148.218,21081155304.775,25.013
LUX,2018,15148367371.381,23118820384.988,31.508
LUX,2019,14667446910.457,22673692574.437,28.187
LUX,2020,13506053445.568,20882683234.681,28.007
LUX,2021,16247126542.139,25537148234.7,28.659
LUX,2022,16766113323.445,26642753475.904,27.463
LUX,2023,16343853042.807,25214726111.744,27.55
LVA,2000,1486751176.04,2541534185.442,251.969
LVA,2001,1601115193.866,2805548324.377,245.17
LVA,2002,1895462153.968,3360036455.453,242.829
LVA,2003,2656681428.068,4810817136.298,258.236
LVA,2004,3805358822.653,6734913290.245,258.778
LVA,2005,5112684064.824,8615425220.662,257.44
LVA,2006,5883484787.528,11395514303.729,281.947
LVA,2007,7878617579.102,15171250893.519,302.394
LVA,2008,9268423118.537,15750540051.367,310.032
LVA,2009,7148939953.219,9346321657.962,221.09
LVA,2010,8850801231.0,11143287701.0,196.226
LVA,2011,11988196196.0,15430778744.0,197.312
LVA,2012,12685521524.0,16082387658.0,205.473
LVA,2013,13324704654.0,16778948555.0,213.61
LVA,2014,13782781935.396,17127924107.815,210.867
LVA,2015,11649939894.566,14095807354.84,211.789
LVA,2016,11607295065.319,13736506776.631,215.268
LVA,2017,13189947231.041,16053149440.461,205.157
LVA,2018,15064999864.072,18612965523.027,208.876
LVA,2019,14447101696.605,17767574788.627,217.606
LVA,2020,15196527243.77,17315082294.263,202.586
LVA,2021,19458821916.273,23085527945.038,209.641
LVA,2022,22494202398.607,27901013028.901,209.289
LVA,2023,20594420290.851,25307969751.439,206.964
MAC,2013,831631092.746,10230703550.648,45.8
MAC,2014,938149443.955,11308563273.185,61.0
MAC,2015,1339012620.0,10602579550.0,62.9
MAC,2016,1256603099.0,8924463347.0,53.5
MAR,2004,9870178797.041,17759209490.185,116.24
MAR,2014,23815815609.0,46191742594.0,2569.89
MAR,2022,42183470726.353,72577705679.007,2495.571
MDA,2000,471534737.0,776993793.0,210.442
MDA,2001,568126635.0,892475652.0,208.33
MDA,2002,643905065.0,1038367696.0,217.423
MDA,2003,790296669.0,1402442035.0,217.735
MDA,2004,985173195.0,1768533736.0,236.702
MDA,2005,1091254570.0,2292292371.0,235.69
MDA,2006,1051600710.0,2693162630.0,228.654
MDA,2007,1341797788.0,3689868312.0,233.769
MDA,2008,1591416136.0,4898762524.0,246.148
MDA,2009,1282980994.0,3278270205.0,228.312
MDA,2010,1541486761.0,3855288845.0,213.278
MDA,2011,2216814952.0,5191271351.0,219.995
MDA,2012,2161879421.0,5212928364.0,221.086
MDA,2013,2428303313.0,5492393273.0,207.461
MDA,2014,2339529843.0,5316959167.0,170.718
MDA,2015,1966837314.0,3986820641.0,169.312
MDA,2016,2044538846.0,4020359283.0,162.904
MDA,2017,2425118752.0,4831414613.0,150.677
MDA,2018,2706818216.0,5764281783.0,154.104
MDA,2019,2779164783.0,5842487249.0,189.468
MDA,2020,2467106513.0,5415991179.0,180.455
MDA,2021,3144504817.0,7176764126.0,186.678
MDA,2022,4332145453.0,9218981583.0,194.084
MDA,2023,4048616803.0,8673671693.0,191.063
MDA,2024,3555062064.0,9065188186.0,178.727
MDG,2001,925821980.169,913103283.305,516.141
MDG,2012,1202142999.745,2483782352.949,785.07
MDG,2015,2133403308.279,2929328285.021,1015.933
MDG,2022,3721456240.905,5612685071.515,1170.305
MDV,2009,76665464.0,966136180.0,15.433
MDV,2014,144839922.0,1992748786.0,46.739
MDV,2016,139592790.0,2127968569.0,26.131
MDV,2019,158015478.22,2887030894.364,31.052
MEX,2002,160750540171.0,168650540779.0,11598.316
MEX,2003,164906508836.0,170545787086.0,11693.024
MEX,2004,187980442491.0,196808374762.0,12003.08
MEX,2005,214207305610.0,221818979783.0,9816.401
MEX,2006,249960545529.0,256085920260.0,10181.7
MEX,2007,271821215424.0,281926513230.0,10382.372
MEX,2008,291264808810.0,308583119940.0,10321.706
MEX,2009,229712337305.0,234384531886.0,9983.676
MEX,2010,298305075136.0,301481733926.0,10389.77
MEX,2011,349326581717.0,350842805606.0,10458.597
MEX,2012,370706658359.0,370751407489.0,10715.387
MEX,2013,379949273136.0,381210149461.0,10999.222
MEX,2014,396890473226.0,399984248389.0,11265.229
MEX,2015,380556088682.0,395253856855.0,11690.79
MEX,2016,373953613840.0,387087412856.0,12158.699
MEX,2017,409396272990.0,420394590810.0,12522.445
MEX,2018,450683646625.0,464294259444.0,12940.042
MEX,2019,460603695808.0,455235784381.0,13099.109
MEX,2020,416982170486.0,382979895758.0,12005.911
MEX,2021,494460765005.0,505715615701.0,12793.004
MEX,2022,577730713416.0,604614616109.0,14071.736
MEX,2023,592997234309.0,598475394782.0,14491.937
MEX,2024,618982287354.0,625874238473.0,14413.185
MKD,2006,2415160679.93,3752241416.66,184.012
MKD,2007,3398268022.65,5280582757.37,184.758
MKD,2008,3990642204.86,6882652006.88,190.53
MKD,2009,2708486778.72,5072648626.1,185.891
MKD,2010,3351429173.89,5474483348.05,177.738
MKD,2011,4478313344.0,7027162087.0,192.578
MKD,2012,4015402908.0,6522387659.0,194.312
MKD,2013,4298765881.0,6619586359.0,206.259
MKD,2014,4964132180.0,7301343253.0,209.529
MKD,2015,4530076212.74,6426766740.56,214.668
MKD,2016,4852151437.17,6833595255.88,219.014
MKD,2017,5682803081.19,7730126780.69,225.581
MKD,2018,6906336855.13,9051677474.06,236.948
MKD,2019,7195140900.687,9445513386.92,247.902
MKD,2020,6633215704.077,8709069348.92,244.529
MKD,2021,8186314637.628,11389533968.13,243.923
MKD,2022,8729355719.18,12755183886.6,209.043
MKD,2023,8994857556.835,12052389309.404,212.347
MKD,2024,8423004910.85,11966612317.34,212.289
MLI,2016,2847593565.0,3845404761.0,366.634
MLI,2017,1902730073.414,4336565281.651,495.345
MLI,2018,3633806900.487,4619314071.227,455.535
MLT,2000,2442762625.0,3399959136.0,46.826
MLT,2001,1758218235.0,2725032393.0,45.609
MLT,2002,2126266232.0,2839178669.0,46.983
MLT,2003,2466970737.0,3402368654.0,44.47
MLT,2004,2631727830.0,4153374583.0,43.008
MLT,2005,2430591661.0,3865229252.0,44.581
MLT,2006,2847260492.0,4395512725.0,42.838
MLT,2007,3158339102.0,4947024161.0,40.893
MLT,2008,3028516490.0,5140832421.0,40.54
MLT,2009,2280269219.0,4034116625.0,39.9
MLT,2010,3716753993.0,5732174585.0,41.492
MLT,2011,5278693591.0,7395938428.0,40.85
MLT,2012,5646270198.0,7896220752.0,38.392
MLT,2013,5206239197.0,7525360716.0,39.164
MLT,2014,4970788422.0,8445208701.0,39.415
MLT,2015,3915447978.0,6788000921.0,39.645
MLT,2016,4038642974.0,7181978806.0,41.326
MLT,2017,4077731851.862,6827870815.655,43.635
MLT,2018,3868514079.301,7204023522.916,44.383
MLT,2019,4142922134.691,8211008645.136,48.636
MLT,2020,2831908163.132,5736087959.209,47.853
MLT,2021,3066831630.829,7140682683.534,48.484
MLT,2022,3257370045.587,8562553654.723,48.59
MLT,2023,3466576103.437,8390918749.579,54.475
MMR,2015,11431792163.645,16913265487.743,3638.22
MMR,2017,13877953288.756,19253455113.512,3496.696
MMR,2018,16702158762.006,19355065822.857,3893.997
MMR,2019,18117605305.497,18611011075.685,3733.526
MMR,2020,16949755291.155,17968640960.94,4138.044
MNE,2011,627531806.0,2544044492.0,37.198
MNE,2012,468788331.0,2336353472.0,35.028
MNE,2013,494375744.0,2348872515.0,35.897
MNE,2014,440658741.0,2366751420.0,37.976
MNE,2015,353079512.0,2050169682.0,38.717
MNE,2016,355060373.935,2282529249.928,39.157
MNE,2017,420870887.949,2610535972.025,39.172
MNE,2018,465997357.543,3002864021.668,44.87
MNE,2019,463202279.009,2908435630.995,47.327
MNE,2020,409845585.515,2394119591.813,40.436
MNE,2021,515916303.811,2945526101.317,35.984
MNE,2022,736364127.167,3722463179.729,47.84
MNE,2023,722520232.811,4116052842.255,51.3
MNG,2000,535600146.0,614507473.0,80.582
MNG,2003,615867136.0,801010994.0,102.864
MNG,2006,1542321443.0,1485599162.0,122.997
MNG,2013,4269055846.0,6357821461.0,225.346
MNG,2014,5774330896.0,5131455440.0,230.141
MNG,2015,4669280457.0,3796591418.0,233.542
MNG,2016,4916326458.0,3339603834.0,217.983
MNG,2017,6200592951.84,4337319902.0,238.005
MNG,2018,7011757684.815,5874787944.65,258.264
MNG,2019,7619753899.961,6127355631.501,254.376
MNG,2020,7576310834.79,5298770903.27,251.508
MNG,2021,9241123149.94,6844468531.87,267.882
MNG,2022,12557706706.273,8746806465.985,299.818
MOZ,2015,3230743671.51,7907621609.04,760.843
MOZ,2022,8298873676.929,14670984876.563,777.074
MSR,2020,5713781.631,30657297.567,0.35
MUS,2001,1588614446.0,1994806239.0,165.78
MUS,2002,1755597246.0,2168970329.0,171.95
MUS,2003,1880801862.0,2389800269.0,172.548
MUS,2004,2004667777.0,2777440319.0,163.027
MUS,2005,2143866231.0,3160116999.0,158.935
MUS,2006,2333369314.0,3643329747.0,155.195
MUS,2007,2228669209.0,3900897165.0,194.173
MUS,2008,2401466187.0,4669746930.0,155.504
MUS,2009,1765792104.0,3725099040.0,147.882
MUS,2010,1849522324.0,4402331731.0,145.447
MUS,2011,2255420859.0,5158618169.0,141.228
MUS,2012,2257737340.0,5772006384.0,141.976
MUS,2013,2341299219.0,5395450448.0,141.142
MUS,2014,2662998582.0,5607223157.0,139.756
MUS,2015,2481092714.0,4458341503.0,136.19
MUS,2016,2197276402.021,4654466054.586,141.077
MUS,2017,2102621814.416,5269484338.359,134.3
MUS,2018,1987672862.854,5669326922.201,130.918
MUS,2019,1876368427.055,5601184454.52,131.803
MUS,2021,1671760288.267,5147263213.227,107.028
MUS,2022,1880596453.971,6617246882.975,118.446
MUS,2023,1854239181.84,6281534269.694,117.39
MWI,2013,1200442250.254,2836301798.202,424.904
MYS,2000,98229725796.0,81957250044.0,2347.1
MYS,2009,157194831522.0,123575279300.0,2943.8
MYS,2010,198790690678.0,164586273423.0,3266.2
MYS,2011,226992681985.0,187573009395.0,3591.9
MYS,2012,227449499544.0,196196618679.0,3662.1
MYS,2013,228316107468.0,205813524818.0,3841.0
MYS,2014,234134976857.0,208823428627.0,3881.7
NAM,2010,5848291950.0,5979722908.0,75.717
NAM,2012,5376995496.0,7132032336.0,86.396
NAM,2013,6337215726.0,7574548144.0,97.894
NAM,2014,5983840058.0,8530994350.0,104.531
NAM,2016,4815846406.0,6721043529.0,127.941
NAM,2018,7488296000.257,8288940141.342,117.228
NER,2017,870873197.308,1733758071.661,515.773
NER,2019,695923142.193,2772506090.25,598.952
NER,2022,423349061.682,3778999578.406,862.329
NGA,2011,125641031180.0,63971541901.0,5387.466
NGA,2013,90554484841.0,44598201120.0,6752.514
NGA,2019,53617812190.3,47369076912.28,9021.08
NIC,2001,532239546.0,1773378962.0,336.581
NIC,2012,4550646986.0,6029659805.0,477.62
NIC,2014,4973501433.0,5746417782.0,466.016
NLD,2000,213424403533.0,198926887688.0,1588.675
NLD,2001,216157868852.0,195562207699.0,1643.903
NLD,2002,219820522373.0,194114787502.0,1554.433
NLD,2003,264796481554.0,233996688734.0,1562.179
NLD,2004,318040302606.0,284014019358.0,1548.68
NLD,2005,349813022655.0,310591343869.0,1567.611
NLD,2006,400685883216.0,358509533502.0,1560.859
NLD,2007,477640553546.0,421367715819.0,1562.171
NLD,2008,545853405260.0,494936571084.0,1511.594
NLD,2009,431502452471.0,382190421771.0,1405.869
NLD,2010,492645871626.0,439986633027.0,1323.446
NLD,2011,569357970939.976,507677196141.119,1247.498
NLD,2012,552501890951.398,500607515940.047,1317.714
NLD,2013,575111978707.557,513062602721.494,1279.207
NLD,2014,575677265459.16,508158046822.345,1224.959
NLD,2015,464697216473.282,412644303638.533,1271.698
NLD,2016,468176328141.088,408052965790.39,1255.259
NLD,2017,527907822349.286,461902678720.285,1289.997
NLD,2018,587893084428.685,521035627912.044,1286.288
NLD,2019,576784455411.276,514857687783.7,1291.961
NLD,2020,551352792281.894,484088530592.55,1267.309
NLD,2021,696873257184.973,623369106865.866,1284.16
NLD,2022,768259269680.812,710771871927.832,1343.335
NLD,2023,741804035403.598,664131323714.262,1377.427
NOR,2000,60337044459.425,34488737279.33,494.419
NOR,2001,59219407248.087,32945298559.099,494.65
NOR,2002,59624111556.244,34850058738.313,496.563
NOR,2003,67913165672.413,39835251036.532,490.193
NOR,2004,82399847439.155,48424744879.405,472.29
NOR,2005,103804221826.355,55515134903.448,475.777
NOR,2006,122080570475.51,64202850963.801,496.937
NOR,2007,135689374729.873,79997445931.608,510.768
NOR,2008,168998885248.884,89447037085.503,528.627
NOR,2009,116295912633.72,68438314135.292,501.925
NOR,2010,130656792431.0,77330164615.0,505.403
NOR,2011,160409821472.0,90783500924.0,507.273
NOR,2012,160952207393.0,87307781576.0,526.175
NOR,2013,155350552822.0,89807226946.0,522.297
NOR,2014,144611289843.0,89439400931.0,538.317
NOR,2015,103785482320.364,76399025807.725,526.636
NOR,2016,89628326847.0,72809787770.0,512.962
NOR,2017,101976020159.699,85525862977.282,518.231
NOR,2018,123040316872.776,87434996146.272,511.312
NOR,2019,104029881468.011,86144982447.514,534.148
NOR,2020,82748920957.746,81623755550.345,530.51
NOR,2021,173813766175.705,99253694485.113,526.434
NOR,2022,276926311861.954,107197454805.448,541.974
NOR,2023,176896550418.728,96667095950.094,538.629
NPL,2017,740742914.416,10037840171.907,2184.699
OMN,2020,33479358823.008,28507455998.698,727.29
OMN,2021,44590926520.592,30994759150.453,710.085
PAK,2005,16050200728.0,25096575301.0,5689.343
PAK,2006,16932873212.0,29825753514.0,7472.848
PAK,2007,17838406583.0,32593936069.0,6229.405
PAK,2008,20279045864.0,42326567149.0,8038.035
PAK,2009,17554698477.0,31583717824.0,10116.974
PAK,2010,21413102681.0,37537025236.0,10578.651
PAK,2011,25343768655.0,43578259220.0,11184.937
PAK,2012,24613675622.0,43813262458.0,7638.077
PAK,2013,25120883202.0,43775183185.0,12302.794
PAK,2014,24722182145.0,47544888942.0,12429.473
PAK,2015,22089018057.0,43989644709.0,13277.481
PAK,2016,20533792833.0,46998269105.0,13952.537
PAK,2018,23630892979.71,60162862445.525,14941.746
PAK,2019,23748680252.551,50063059560.226,14363.932
PAK,2021,28795179085.962,72891644100.617,15677.022
PAN,2003,804989676.0,3120980389.0,164.788
PAN,2008,9816620377.0,15736508943.0,264.56
PAN,2009,10716686967.0,13876550265.0,276.25
PAN,2010,10986602587.0,16737103355.0,272.255
PAN,2011,15895615039.0,23381758781.0,288.218
PAN,2012,16765633311.0,27208555218.0,295.028
PAN,2013,15575568825.0,25708846669.0,336.699
PAN,2014,13777171945.0,24771140827.0,340.37
PAN,2015,12043377104.0,22503479723.0,324.461
PAN,2016,10843210513.0,20926278918.0,325.672
PAN,2017,11091556992.0,21917361577.0,331.245
PAN,2018,11480107616.0,22974913294.0,350.418
PAN,2019,10478059526.0,21484233253.0,340.142
PAN,2020,8658798915.0,14716521688.0,301.138
PAN,2021,3781922651.0,13312799623.0,293.25
PAN,2022,3652153568.0,15224036569.0,162.038
PAN,2023,3366820480.0,14520871959.0,338.29
PAN,2024,1158357714.0,13986979422.0,327.402
PER,2000,6322421097.0,7414903057.0,1641.695
PER,2001,6825610607.0,7315939125.0,1766.28
PER,2002,7665213522.0,7493004117.0,1763.118
PER,2003,9026639026.0,8414051393.0,1724.84
PER,2004,12726496792.0,10101027450.0,1983.866
PER,2005,17114288769.0,12501829885.0,1973.477
PER,2006,23764896761.0,15311558831.0,2143.565
PER,2007,28084585255.0,20368278180.0,2469.77
PER,2008,31288211596.0,29952802806.0,2564.86
PER,2009,26738259539.0,21813514041.0,2634.253
PER,2010,38402212725.3,36252642200.16,2775.566
PER,2011,46386021919.4,37891035250.21,2772.219
PER,2012,52436073303.41,58795680784.546,2946.699
PER,2013,48114378766.99,60574877030.49,2978.44
PER,2014,38645855012.3,42177197900.894,2917.783
PER,2015,37278004119.33,49155719392.77,2942.643
PER,2016,36309958803.5,36147726687.666,2927.075
PER,2017,44237949422.71,39763913902.3,2859.054
PER,2018,48015148375.34,43142519807.172,2894.809
PER,2019,46131564759.4,42376434141.489,2935.975
PER,2020,38757234044.11,36064030332.602,2498.23
PER,2021,56260115202.756,51177707721.21,3010.807
PER,2022,58172421866.18,60246353945.637,2958.502
PER,2023,64355040435.0,52163918741.49,2879.787
PHL,2012,51995223994.0,65349780522.0,5743.094
PHL,2013,56697802975.0,65705431237.0,5936.905
PHL,2014,61809755230.0,67718868519.0,6070.085
PHL,2015,58648083080.0,70153466327.0,6337.248
PHL,2016,56312747948.0,85908572116.0,7159.489
PHL,2017,68712611186.0,101889431966.0,7370.042
PHL,2018,67487668298.0,115038016454.94,7846.222
PHL,2019,70926674490.0,117247264757.0,8110.727
PHL,2020,65214435072.0,95066801050.0,7206.306
PHL,2021,74619528755.0,124390447217.0,7745.66
PHL,2022,78928518085.0,145880017845.0,8454.366
PLW,2014,11400373.0,164988625.0,0.638
POL,2000,30955677000.0,48127384000.0,4481.052
POL,2001,35367141000.0,49447434000.0,12538.649
POL,2002,40253902000.0,54266342000.0,12049.771
POL,2003,52755502000.0,67146113000.0,11848.244
POL,2004,73778879602.0,88151095911.0,3976.099
POL,2005,89378002388.0,101534762732.0,4127.135
POL,2006,109584070673.0,125642274681.0,4373.813
POL,2007,138784983216.0,164172482403.0,4681.342
POL,2008,171859897632.0,210478513051.0,5039.086
POL,2009,136641304601.0,149569835644.0,4924.998
POL,2010,157064948463.0,174127590293.0,4681.436
POL,2011,188105090147.0,209191546426.0,4769.163
POL,2012,179603599442.0,191430111658.0,4735.353
POL,2013,203847917759.0,205613792660.0,4739.266
POL,2014,214476794173.0,216687292345.0,4827.079
POL,2015,194461157270.0,189696473787.0,4896.364
POL,2016,196455269598.0,188517818933.0,5074.232
POL,2017,221307621302.0,217978575741.0,5180.463
POL,2018,261815268525.0,267699886888.0,5218.852
POL,2019,251864773270.0,246653880235.0,5260.325
POL,2020,254169031902.0,254660433330.0,5097.331
POL,2021,317832124942.0,335451322206.0,5121.356
POL,2022,365750693518.0,386969091653.0,5137.889
POL,2023,381932840227.0,371400902135.0,5019.521
PRT,2000,24327667762.0,39878842403.0,1730.183
PRT,2001,24086405739.0,39456360071.0,1712.362
PRT,2002,25825579640.0,40032082325.0,1722.571
PRT,2003,31833580815.0,47166165432.0,1665.594
PRT,2004,44354988764.0,68222019741.0,1574.942
PRT,2005,38672068551.0,63903733547.0,1533.744
PRT,2006,44777435756.0,70707161372.0,1539.429
PRT,2007,52483606244.0,82267209952.0,1540.04
PRT,2008,57246284833.0,94553785723.0,1483.417
PRT,2009,44249979857.0,71810896681.0,1381.505
PRT,2010,49414051268.0,77682426213.0,1335.09
PRT,2011,59588301885.0,82923617602.0,1271.429
PRT,2012,58140499722.0,72506492414.0,1140.965
PRT,2013,62794139450.0,75713900496.0,1046.507
PRT,2014,63834385666.0,78395890972.0,1070.216
PRT,2015,55045025717.804,66909182383.971,1104.67
PRT,2016,55371549249.577,67952834136.564,1123.516
PRT,2017,62116840516.277,78746119203.744,1173.929
PRT,2018,74135905807.867,95629298715.055,1204.605
PRT,2019,67064074174.946,89541379731.222,1206.555
PRT,2020,61400262160.668,77834419563.82,1193.334
PRT,2021,75242766894.064,98337110276.911,1176.601
PRT,2022,82559524451.56,115291040249.926,1228.735
PRT,2023,83908917683.589,113486252512.059,1286.87
PRT,2024,85813703968.446,115997231713.458,1262.334
PRY,2001,2356518656.0,2181917183.0,350.962
PRY,2002,2328799961.0,1661284698.0,326.323
PRY,2003,2584532112.0,1926600855.0,352.176
PRY,2004,2874456410.0,2657966934.0,397.376
PRY,2005,3152567667.0,3260074994.0,388.789
PRY,2006,3472353969.0,4774827247.0,406.604
PRY,2007,4723553436.0,5874802002.0,466.423
PRY,2008,6407111559.0,9061828536.0,494.427
PRY,2009,5079610331.0,6961625845.0,498.702
PRY,2010,6516534823.0,10033465850.0,538.67
PRY,2011,7776442112.0,12366125655.0,525.268
PRY,2012,7282792069.0,11555136360.0,532.02
PRY,2013,9456253392.0,12142040141.0,557.758
PRY,2014,9635735187.0,12168557587.0,607.828
PRY,2015,8327546291.0,10291213118.0,642.103
PRY,2016,8501157586.05,9750225849.0,606.257
PRY,2017,8679833045.0,11873407129.0,626.373
PRY,2018,9042140680.0,13333951365.0,615.327
PRY,2019,7967805030.0,12543968779.0,613.874
PRY,2020,8517891384.0,10216357778.0,630.389
PRY,2021,10570969868.0,13559726270.0,674.893
PRY,2022,9948286364.004,15879584456.7,652.239
PRY,2023,11890536801.81,16104641636.676,583.405
PRY,2024,10879888802.499,17209646705.546,549.281
PSE,2007,512978999.976,3284034987.725,164.063
PSE,2008,558446027.474,3466168179.026,153.722
PSE,2009,518355481.9,3600785374.217,172.298
PSE,2010,575513117.245,3958511884.497,182.419
PSE,2011,745661492.0,4737646994.0,159.824
PSE,2012,782368754.0,4697355942.0,225.522
PSE,2013,900617856.0,5163897459.0,243.166
PSE,2014,943717389.0,5683199332.0,249.976
PSE,2015,957810868.0,5225466656.0,266.877
PSE,2016,926498977.0,5363768017.0,284.052
PSE,2017,1064884138.762,5853849921.214,292.809
PSE,2018,1155634049.695,6539589522.19,299.286
PSE,2019,1103808331.94,6613453678.02,307.765
PSE,2020,1054620844.16,6063434636.806,293.238
PSE,2021,1357640029.17,7829112452.61,330.152
PSE,2022,1525158846.456,9088632136.056,370.427
QAT,2010,74964415453.0,23239545239.0,697.833
QAT,2013,133336974286.326,26861584199.741,794.663
ROU,2000,10366521282.76,13054487960.27,2810.788
ROU,2001,11384993946.81,15551610400.18,2793.276
ROU,2002,13875689074.06,17861459163.15,2889.805
ROU,2003,17618055327.28,24002855001.6,2729.325
ROU,2004,23485311856.3,32663438441.71,2883.467
ROU,2005,27729576248.0,40462566839.4,2775.812
ROU,2006,32633852030.4,51601825618.97,2853.061
ROU,2007,40470699878.66,70414395147.16,2937.476
ROU,2008,49673522431.9,84285770502.49,2960.8
ROU,2009,40578773628.79,54344079521.85,2774.523
ROU,2010,49413386103.0,62006624402.0,2467.044
ROU,2011,62692001406.0,76365284687.0,2435.979
ROU,2012,57904330434.0,70259718629.0,2427.219
ROU,2013,65881441578.0,73452191656.0,2418.09
ROU,2014,69877890844.0,77889070909.0,2491.779
ROU,2015,60605047667.0,69857682405.0,2429.111
ROU,2016,63581004346.0,74604616829.0,2524.562
ROU,2017,70626887499.98,85318177451.14,2611.946
ROU,2018,80077606266.88,97877632897.85,2609.235
ROU,2019,77298748437.44,96644318708.62,2610.394
ROU,2020,71046398784.1,92056306061.86,2533.187
ROU,2021,88389728970.91,116401944588.41,2554.89
ROU,2022,96829601670.3,132699562701.94,2562.877
ROU,2023,100642462676.41,131962913075.36,2552.501
RUS,2009,301796058824.0,170826590309.0,19023.588
RUS,2010,397067520996.0,228911658149.0,18796.184
RUS,2011,516992618221.0,306091490306.0,18879.514
RUS,2012,524766420613.0,316192918041.0,19261.154
RUS,2013,527265918851.0,314945094987.0,19177.347
RUS,2014,497833528848.0,286648776878.0,19096.21
RUS,2015,343907651828.0,182781964814.0,19056.503
RUS,2016,301780443386.44,207440504392.6,18909.533
RUS,2017,379206606018.61,259966680280.2,18918.438
RUS,2018,451494828173.17,240225755863.79,18855.476
RUS,2019,426720332660.17,247161342900.21,18703.123
RUS,2020,337103969643.061,231664185422.99,18166.924
RUS,2021,492313790696.653,293497128020.043,18516.059
RWA,2014,615823959.783,2193977534.67,434.17
RWA,2017,942651251.973,2700353144.339,498.908
RWA,2018,1004201169.351,2828104496.991,606.301
RWA,2019,1131956067.38,3189416682.47,613.986
RWA,2020,1431176312.56,3706644566.69,742.302
RWA,2021,1562504482.7,3736702299.76,566.809
RWA,2022,2019269801.94,5124655978.4,614.009
SDN,2008,11809416527.376,12123695589.221,1108.523
SEN,2015,2611671966.0,5595354746.0,442.166
SEN,2016,2640276916.0,5477912190.0,469.673
SEN,2019,4178514674.51,8143734073.756,976.579
SEN,2022,5710291923.345,12064632482.711,1194.923
SGP,2013,419931654465.025,388046698517.076,381.9
SGP,2014,415418246994.09,377937643311.024,347.5
SGP,2015,357941228869.167,308121655073.491,349.2
SGP,2016,338081970453.751,291908368784.572,328.4
SGP,2017,373072486170.161,327507524337.627,324.1
SGP,2018,411743293747.485,370503520526.988,332.2
SGP,2019,390331757374.414,358974637219.11,312.4
SGP,2020,373683730056.067,328624455636.331,310.2
SGP,2021,457081283281.544,406318349182.047,330.084
SGP,2022,514966127005.218,475412874146.485,342.33
SGP,2023,475348541126.792,422419822234.11,325.639
SLB,2013,489145268.684,580066022.603,33.901
SLE,2014,279253408.0,2056845874.0,97.993
SLE,2018,205368284.276,986898687.8,270.611
SLV,2009,3866080098.33,7325362174.93,488.313
SLV,2010,4499243252.2,8416163087.16,512.02
SLV,2011,5308179072.07,9964507544.15,520.964
SLV,2012,5339088393.31,10257426891.62,536.921
SLV,2013,5519300084.12,10747532925.72,535.222
SLV,2014,5301546008.26,10514175664.82,552.33
SLV,2015,5509047690.07,10293395314.51,591.476
SLV,2016,5420132897.28,9825783205.81,575.368
SLV,2017,5760015207.29,10571509382.68,602.314
SLV,2018,5905411210.93,11464322435.44,624.874
SLV,2019,5904956423.51,11602097258.73,654.577
SLV,2020,4805449504.68,9887884423.01,638.952
SLV,2021,6394888915.91,14617415472.54,660.872
SLV,2022,7115105243.68,17108010282.77,670.177
SLV,2023,6498092242.0,15648326858.96,686.639
SRB,2007,8824700743.0,18553606220.0,801.048
SRB,2008,10972082013.0,22875303751.0,739.124
SRB,2009,8345076235.0,16047433276.0,661.51
SRB,2010,9794515799.0,16734509022.0,612.949
SRB,2011,11779477582.0,19861908142.0,603.821
SRB,2012,11229030695.0,18924891223.0,589.47
SRB,2013,14610779427.0,20550989938.0,597.471
SRB,2014,14843348443.0,20608584765.0,631.124
SRB,2015,13378933798.0,18210171281.0,629.596
SRB,2016,14851777129.0,19230912776.0,664.202
SRB,2017,16959040119.0,22146377217.0,706.958
SRB,2018,19239126973.0,25882635269.0,761.889
SRB,2019,19633048518.0,26730093636.0,795.411
SRB,2020,19500829540.0,26228037382.0,808.71
SRB,2021,25566160915.0,33793017446.0,814.992
SRB,2022,29059511715.0,41143747552.0,836.87
SRB,2023,30934596154.0,39827593654.0,836.198
STP,2017,10562590.924,147049579.311,3.113
SUR,2013,2204441328.0,2308497856.0,31.874
SUR,2015,1814316671.741,1904483138.791,31.241
SUR,2016,1235283176.483,1174910338.641,47.577
SVK,2000,11884547516.0,12774126851.0,782.889
SVK,2001,12635923084.0,14769682306.0,798.307
SVK,2002,14477417105.0,16627735554.0,816.885
SVK,2003,21916964382.0,22600764722.0,829.047
SVK,2004,27864033854.0,29456675922.0,846.546
SVK,2005,31852133630.0,34225828873.0,858.903
SVK,2006,41686247338.0,44758621589.0,893.066
SVK,2007,58036003409.0,59207793369.0,928.254
SVK,2008,70188697344.0,72611558377.0,976.541
SVK,2009,55553022159.0,55159944855.0,897.633
SVK,2010,65289364866.118,65645602040.922,642.749
SVK,2011,78998576809.608,78799145931.063,218.245
SVK,2012,79913380317.268,76333967704.111,874.304
SVK,2013,85173871823.805,80766036927.295,626.092
SVK,2014,85774098879.736,81165275151.103,876.037
SVK,2015,75010058852.796,73104846424.613,661.109
SVK,2016,76990001036.061,74941126942.511,229.686
SVK,2017,83428380735.987,81872734015.513,940.547
SVK,2018,93465539984.579,92985532750.848,937.313
SVK,2019,89920373305.213,90915779957.205,932.518
SVK,2020,86707796106.473,84998491746.844,924.785
SVK,2021,104733320881.922,105141762064.531,710.483
SVK,2022,108238390513.634,115784469709.566,932.917
SVK,2023,117062730020.954,115356036115.328,686.884
SVN,2000,8732145119.0,10114677691.0,334.293
SVN,2001,9252429928.0,10146304376.0,349.134
SVN,2002,10356930502.0,10932233218.0,355.12
SVN,2003,12766870956.0,13852408345.0,330.555
SVN,2004,15878765740.0,17569445218.0,340.128
SVN,2005,17896024019.0,19626300213.0,350.141
SVN,2006,20982712891.0,23013428111.0,339.571
SVN,2007,26551122023.0,29476189619.0,343.37
SVN,2008,29252924301.0,33985543847.0,348.225
SVN,2009,22405415273.0,23901831218.0,323.418
SVN,2010,24434752222.0,26591707913.0,313.491
SVN,2011,28984136412.0,31236842607.0,294.903
SVN,2012,27080021571.0,28382568378.0,284.566
SVN,2013,28628740459.0,29375441105.0,279.728
SVN,2014,30522102229.0,30049305586.0,281.895
SVN,2015,26586979271.0,25870229469.0,290.068
SVN,2016,27657727689.77,26690369758.47,301.125
SVN,2017,31893789564.46,31149443532.62,317.016
SVN,2018,36471278939.42,36267337521.5,324.929
SVN,2019,37574594379.51,38162054184.9,333.207
SVN,2020,37471094173.243,36512669081.431,331.486
SVN,2021,46692128069.11,49067424644.125,290.22
SVN,2022,55306018472.303,59576307658.913,296.353
SVN,2023,59506954977.681,61689903069.76,316.483
SWE,2000,86937360869.0,72766525029.0,1004.772
SWE,2001,76303316484.0,63536271623.0,1028.179
SWE,2002,82983411602.0,67120675767.0,996.892
SWE,2003,102410949441.0,84199455582.0,982.113
SWE,2004,123309700172.0,100832516828.0,963.475
SWE,2005,130263720466.0,111351341748.0,951.161
SWE,2006,147370407950.0,127100924462.0,967.839
SWE,2007,169061476944.0,152822698820.0,979.369
SWE,2008,183880641872.0,168981675433.0,975.167
SWE,2009,131116175379.0,119948706612.0,904.047
SWE,2010,158410621989.0,148788238595.0,898.022
SWE,2011,186898110097.0,176944637697.0,917.689
SWE,2012,172437657005.592,164544938291.16,910.194
SWE,2013,167493221530.984,160587346950.19,896.444
SWE,2014,164677597202.065,162258342753.684,882.813
SWE,2015,140006470767.691,137987266923.559,878.775
SWE,2016,139390774149.229,140695015251.435,887.869
SWE,2017,153158564964.648,153934736436.529,907.598
SWE,2018,165966633517.936,170252578955.795,922.171
SWE,2019,160531242220.729,158958177893.649,940.2
SWE,2020,154935587125.87,149436257458.816,920.853
SWE,2021,189635063199.877,187319607120.962,911.236
SWE,2022,197527811301.403,202997376050.399,898.405
SWE,2023,197533884155.232,193241452517.41,919.269
SWZ,2016,1716356400.31,1536545214.299,69.977
SWZ,2021,2068468810.41,2122858884.91,45.966
SWZ,2023,2095601709.12,2038538969.12,53.244
SYC,2014,1652992306.991,2776595142.659,7.168
SYC,2015,475740784.644,976609182.679,4.064
SYC,2016,483876547.531,1532845668.14,6.523
SYC,2017,3160513528.603,3452594830.878,6.418
SYC,2018,849885247.572,1745336917.025,6.139
SYC,2019,824082560.113,1438003981.558,6.21
SYC,2020,961131158.875,2044950086.081,6.465
SYC,2023,548099876.614,1468094786.253,12.646
TGO,2010,741368662.067,1350349240.807,347.232
TGO,2011,990943083.256,1856364445.448,364.843
TGO,2015,792823173.978,1878133855.428,313.793
TGO,2017,867057011.213,1635573221.637,408.766
TGO,2022,1348260705.697,2791486760.826,613.367
THA,2000,68818989570.0,61921361218.0,5376.408
THA,2007,153571126168.0,143761449814.0,7100.041
THA,2010,195311520256.0,182393379868.0,7852.411
THA,2011,228823972691.0,228483302294.0,7639.084
THA,2012,229544513253.0,247575852399.0,7837.876
THA,2013,228527440414.0,250708238320.0,8199.939
THA,2014,227572764096.0,227931507413.0,8954.178
THA,2015,214309375775.35,202642354491.25,9002.443
THA,2016,215387295500.02,194190234082.14,8924.345
THA,2017,236634037692.85,221514052365.61,8558.259
THA,2018,252485154115.23,249173519017.74,8634.897
THA,2019,246266050278.469,236206439760.276,8592.172
THA,2020,231633852340.051,206150261652.548,8504.42
THA,2021,272005785496.897,267332828928.654,8396.659
THA,2022,287424243392.196,301019948647.819,8711.086
THA,2023,285074082028.583,288499167734.577,8741.86
THA,2024,300759403353.17,307555410756.42,8844.382
TJK,2016,899320312.0,3031462923.96,701.02
TLS,2013,53136023.0,513738509.0,26.572
TLS,2021,458303194.55,542319559.55,31.532
TLS,2022,471773786.06,933461587.088,14.574
TTO,2011,14833927215.784,9473477938.439,173.139
TTO,2012,12864279970.053,11604235152.605,176.466
TTO,2013,18661088930.995,12583601792.031,179.042
TTO,2014,14520345608.15,11246127301.658,177.968
TTO,2015,10747779549.013,9238864060.889,173.483
TTO,2016,7608632115.79,8048587660.633,167.466
TTO,2019,7191889249.851,6338601314.153,150.784
TTO,2020,5519378227.789,4875999395.396,136.049
TTO,2021,8620228624.916,5760698895.64,136.307
TTO,2022,11529004578.974,6202573330.287,136.954
TTO,2023,7820043099.62,9111338566.12,143.356
TUN,2009,14445136032.0,19096173950.0,1013.113
TUN,2010,16426570438.0,22215362061.0,1072.244
TUN,2014,16759747696.0,24793340075.0,770.383
TUN,2019,14944087490.866,21573846826.992,1218.019
TUR,2000,27774906045.0,54502820503.0,1536.482
TUR,2002,36059088599.0,51550081637.0,1181.063
TUR,2003,47252563934.0,69337116726.0,1147.807
TUR,2004,63167152820.0,97537610988.0,4895.424
TUR,2005,73476408143.0,116770589937.0,5289.768
TUR,2006,85534462303.0,139571710376.0,5469.805
TUR,2007,107271749904.0,170062714501.0,5549.928
TUR,2008,132027195626.0,201963574109.0,5681.997
TUR,2009,102142612603.0,140928421211.0,5382.028
TUR,2010,113883219184.0,185544331852.0,5924.298
TUR,2011,134906868830.0,240841676274.0,6377.042
TUR,2012,152461736556.0,236545140909.0,6459.845
TUR,2013,161480914702.0,260822803002.0,6734.761
TUR,2014,166504861795.0,251142429205.0,7222.759
TUR,2015,150982113766.0,213619211455.0,7246.414
TUR,2016,149246999263.0,202189241859.0,7286.867
TUR,2017,164494619316.0,238715127912.0,7482.55
TUR,2018,177168756288.0,231152482645.0,7661.667
TUR,2019,180832721702.0,210345202552.0,7109.372
TUR,2020,169657939777.0,219514372881.0,7033.769
TUR,2021,225214458038.0,271425552445.0,7945.913
TUR,2022,254169747663.0,363710572811.0,8513.111
TUR,2023,255627429011.0,361966912768.0,8720.976
TZA,2001,768322740.0,1728924816.0,434.885
TZA,2006,1864681470.0,4526727744.0,898.499
TZA,2010,4050546445.0,8012873966.0,1425.948
TZA,2012,5547229200.0,11715589144.0,1252.463
TZA,2014,5704653520.0,12691109568.0,1323.378
TZA,2020,6076410130.381,8516523405.047,1986.834
UGA,2010,1618603260.0,4664338469.0,553.55
UGA,2011,2159077318.0,5630874738.0,409.473
UGA,2012,2357493248.0,6044147372.0,849.833
UGA,2014,2261964444.0,6073527802.0,728.607
UGA,2017,2901465679.76,5595903639.36,970.012
UGA,2019,3563784978.21,7696028888.77,1324.332
UGA,2021,3965317044.55,9086036680.36,1283.249
UKR,2011,68393034211.0,82607537264.0,5214.8
UKR,2012,68694495448.0,84656666978.0,5252.2
UKR,2013,63320468792.0,76986012502.0,5061.4
UKR,2014,53913302426.0,54381409090.0,4724.4
UKR,2015,38127039558.0,37516153220.0,4059.9
UKR,2016,36361032464.8,39249626345.39,3946.3
UKR,2017,43428391056.39,49439155766.36,3925.2
UKR,2018,47334679853.77,57187093429.57,3977.499
UKR,2019,50054402431.03,60799689210.96,4163.208
UKR,2020,49230799582.56,53674668694.62,3956.818
UKR,2021,65870275510.39,69962816304.35,3957.655
URY,2000,2295400680.0,3465809103.0,249.332
URY,2001,2057579754.0,3060842699.0,232.798
URY,2002,1861037660.0,1966843510.0,207.609
URY,2003,2208149687.0,2190369569.0,194.183
URY,2004,2937228124.0,3118631405.0,206.003
URY,2005,3421891841.0,3878882321.0,206.816
URY,2006,3989321195.0,4806055547.0,275.407
URY,2007,4517549425.0,5627662830.0,287.478
URY,2008,5941894999.0,9069360168.0,293.957
URY,2009,5404763196.0,6906724905.0,293.414
URY,2010,6724161707.0,8621757641.0,333.782
URY,2011,7911749310.0,10726377515.0,341.085
URY,2012,8709217341.0,11652107818.0,330.192
URY,2013,9065753626.0,11642380101.0,348.959
URY,2014,9165707594.0,10762296786.0,347.419
URY,2015,7669514564.0,9489416542.0,337.318
URY,2016,6963552025.0,8136629138.0,329.908
URY,2017,7889387375.0,8457876667.98,324.355
URY,2018,7502144832.0,8893245997.86,314.045
URY,2019,7680345441.0,8245758796.97,307.898
URY,2020,6863945565.0,7564488840.82,282.101
URY,2021,9535273938.0,10320437770.63,297.822
URY,2022,11183540265.0,12973460921.68,299.101
URY,2023,9192776209.0,12486195279.53,320.016
USA,2003,724736583355.0,1302833508196.0,30560.423
USA,2004,814844394245.0,1525304217271.0,30825.738
USA,2005,901041411256.0,1734849141777.0,31195.043
USA,2006,1037029245257.0,1918997094449.0,31921.004
USA,2007,1162538149766.0,2017120776311.0,31963.932
USA,2008,1299898877213.0,2164834031060.0,30848.827
USA,2009,1056712078245.0,1601895815130.0,27640.467
USA,2010,1278099187391.0,1968259900993.0,26937.717
USA,2011,1481682201761.0,2263619062869.0,27197.557
USA,2012,1544932014357.0,2334677716383.0,27733.192
USA,2013,1577587252487.0,2326590208528.0,28332.699
USA,2014,1619742863865.0,2410855476207.0,28833.949
USA,2015,1501845863839.0,2313424569327.0,29104.78
USA,2016,1450906272956.0,2247167254438.0,29491.927
USA,2017,1545809598154.0,2405276626657.0,29788.938
USA,2018,1665302936591.0,2611432490157.0,30481.327
USA,2019,1644276220783.0,2567492197103.0,30905.761
USA,2020,1430253623489.0,2405381557667.0,28699.402
USA,2021,1753136708106.0,2932976075226.0,29270.564
USA,2022,2062089832731.0,3372902165775.0,30513.43
USA,2023,2018542583771.0,3168471121076.0,31137.472
USA,2024,2063802611123.0,3356812501330.0,30726.17
UZB,2017,10079471003.21,12034948143.34,3116.8
UZB,2018,10919011727.15,17313951650.57,3008.41
UZB,2019,14929506690.43,21867269545.15,3135.478
VEN,2005,55412877449.0,21848134453.0,2135.076
VEN,2006,61385240164.0,30559000000.0,2430.405
VEN,2007,,41911000000.0,2604.306
VEN,2008,83477843236.0,47450066625.0,2670.586
VEN,2009,56583100316.0,38676637470.0,2671.354
VEN,2010,66962672650.0,32342886987.0,2625.874
VEN,2011,91094183485.0,48725656517.0,2661.798
VEN,2012,95034872067.0,59073186152.0,2631.154
VNM,2007,48561343186.0,62764687710.0,9380.126
VNM,2009,57096274457.0,69948810000.0,10487.935
VNM,2010,72236665000.0,84838552670.0,10668.639
VNM,2011,96905673959.0,106749853535.0,10824.656
VNM,2012,114529170983.0,113780430859.0,10892.274
VNM,2013,132032853998.0,132032531179.0,11057.096
VNM,2014,150217138752.0,147839047559.0,11306.088
VNM,2015,162016742480.0,165775857847.0,12017.111
VNM,2016,176580786634.72,174978350264.05,13198.219
VNM,2017,215118606999.0,213215299139.3,13843.026
VNM,2018,243698698324.33,236868822761.78,14487.159
VNM,2019,264610322649.83,253442015854.49,16148.095
VNM,2020,281441457236.895,261309451920.758,16568.234
VNM,2021,335792597810.0,330752261349.424,16243.284
VNM,2022,370909157438.999,358788312545.154,16880.979
VNM,2023,353077513296.001,325443689199.0,17140.218
VUT,2006,36698396.0,159110672.0,0.653
VUT,2009,37745611.0,277511435.0,6.644
VUT,2010,46174039.0,276007294.0,6.497
WSM,2012,76101616.0,345515175.0,5.105
WSM,2017,44401814.197,356189844.917,6.347
WSM,2022,43296530.183,445412385.976,6.991
YEM,2010,6437477010.0,9255368349.0,776.79
YEM,2014,2416887808.0,12041580986.0,607.22
ZAF,2000,26297951898.0,26770731386.0,2802.786
ZAF,2001,25997548577.0,25595222834.0,2928.608
ZAF,2002,23064420006.0,26220644490.0,2847.094
ZAF,2003,31635889150.0,34414478462.0,2830.155
ZAF,2004,40263523063.0,47603274062.0,2983.412
ZAF,2005,46991046533.0,55032638723.0,3094.447
ZAF,2006,52601759841.0,68469125117.0,3189.874
ZAF,2007,64026608364.0,79872587204.0,3319.767
ZAF,2008,73965545962.0,87593067645.0,3815.725
ZAF,2009,53863891902.0,63766057981.0,3627.194
ZAF,2010,82328529848.445,82795945685.887,3405.015
ZAF,2011,107956344322.584,102793028690.571,3438.72
ZAF,2012,98782056078.647,104135663360.337,3420.846
ZAF,2013,95115322860.215,103366084512.526,3537.322
ZAF,2014,92590712424.77,99794562485.372,3592.454
ZAF,2015,80035689874.235,85267207335.952,3798.108
ZAF,2016,75912597473.476,75149135298.341,3729.309
ZAF,2017,88233218989.624,83086880674.466,3820.998
ZAF,2018,93677434344.6,92636961890.609,3846.336
ZAF,2019,89395988333.925,88037490927.971,3695.811
ZAF,2020,85226766450.055,68943156587.84,3232.947
ZAF,2021,121321278845.567,93439563371.935,3071.708
ZAF,2022,121616282067.877,111880322479.528,3319.454
ZAF,2023,110607523884.529,107122724129.389,3443.831
ZAF,2024,110109356049.439,101240165964.946,3563.356
ZMB,2015,6565142511.608,7932461752.768,495.89
ZMB,2017,8028213379.385,8002113495.118,466.12
ZMB,2018,9022458135.361,9494919978.485,523.788
ZMB,2019,7039405155.378,7173221888.47,496.325
ZMB,2020,7923921916.573,5285972555.51,491.284
ZMB,2021,11013140616.688,6981410691.323,582.673
ZMB,2022,11642769409.162,9003919006.784,564.79
ZMB,2023,10431183715.611,10125486798.647,670.902
ZWE,2011,3121208918.06,7984010388.07,493.862
ZWE,2014,3871574324.83,6069848026.65,460.792
ZWE,2019,4279383537.68,4787446790.5,552.49
ZWE,2021,6036188240.041,7541366251.0,715.323
ZWE,2022,6586208349.375,8603709737.018,662.185
ZWE,2023,7225585953.31,9201594318.416,627.991
